TEAM_ID,TIME_STAMPING,PACKET_COUNT,ALTITUDE,PRESSURE,TEMP,VOLTAGE,GNSS_TIME,GNSS_LATITUDE,GNSS_LONGITUDE,GNSS_ALTITUDE,GNSS_SATS,ACCELEROMETER_DATA,GYRO_SPIN_RATE,FLIGHT_SOFTWARE_STATE,OPTIONAL_DATA
2026-INSPACe-CAN-7USAT-020,1786197989,337,0.0,101325,35.0,8.20,12:00:00,28.61985,77.20662,0.0,8,0.00;0.00;9.81,0.0,LANDED,13.1;4.4;-16.5|48585|39|46.0
2026-INSPACe-CAN-7USAT-020,1786197990,338,0.0,101325,35.0,8.20,12:00:00,28.61985,77.20662,0.0,8,0.00;0.00;9.81,0.0,LANDED,-24.5;-14.1;20.0|41623|42|42.6
2026-INSPACe-CAN-7USAT-020,1786197991,339,0.0,101325,35.0,8.20,12:00:00,28.61985,77.20662,0.0,8,0.00;0.00;9.81,0.0,LANDED,3.6;-5.0;22.9|47628|27|48.7
2026-INSPACe-CAN-7USAT-020,1786197992,340,0.0,101325,35.0,8.20,12:00:00,28.61985,77.20662,0.0,8,0.00;0.00;9.81,0.0,LANDED,8.4;9.9;3.5|41299|42|41.6
2026-INSPACe-CAN-7USAT-020,1786197993,341,0.0,101325,35.0,8.20,12:00:00,28.61985,77.20662,0.0,8,0.00;0.00;9.81,0.0,LANDED,-7.4;16.7;-11.4|42660|57|43.9
2026-INSPACe-CAN-7USAT-020,1786197994,342,0.0,101325,35.0,8.20,12:00:00,28.61985,77.20662,0.0,8,0.00;0.00;9.81,0.0,LANDED,-2.3;-10.0;-20.3|47429|23|44.1
2026-INSPACe-CAN-7USAT-020,1786197995,343,0.0,101325,35.0,8.20,12:00:00,28.61985,77.20662,0.0,8,0.00;0.00;9.81,0.0,LANDED,21.2;7.9;12.5|47196|37|45.7
2026-INSPACe-CAN-7USAT-020,1786197996,344,0.0,101325,35.0,8.20,12:00:00,28.61985,77.20662,0.0,8,0.00;0.00;9.81,0.0,LANDED,15.0;-1.3;18.0|42262|69|48.1
2026-INSPACe-CAN-7USAT-020,1786197997,345,0.0,101325,35.0,8.20,12:00:00,28.61985,77.20662,0.0,8,0.00;0.00;9.81,0.0,LANDED,-0.6;-13.7;9.9|49460|42|45.2
2026-INSPACe-CAN-7USAT-020,1786197998,346,0.0,101325,35.0,8.20,12:00:00,28.61985,77.20662,0.0,8,0.00;0.00;9.81,0.0,LANDED,24.9;-19.4;22.4|45859|66|49.0
2026-INSPACe-CAN-7USAT-020,1786197999,347,0.0,101325,35.0,8.20,12:00:00,28.61985,77.20662,0.0,8,0.00;0.00;9.81,0.0,LANDED,24.4;22.6;3.8|44163|38|41.5
2026-INSPACe-CAN-7USAT-020,1786198000,348,0.0,101325,35.0,8.20,12:00:00,28.61985,77.20662,0.0,8,0.00;0.00;9.81,0.0,LANDED,2.3;-9.1;16.6|45278|20|45.4
2026-INSPACe-CAN-7USAT-020,1786198001,349,0.0,101325,35.0,8.20,12:00:00,28.61985,77.20662,0.0,8,0.00;0.00;9.81,0.0,LANDED,8.2;21.0;-22.1|49671|33|47.5
2026-INSPACe-CAN-7USAT-020,1786198002,350,0.0,101325,35.0,8.20,12:00:00,28.61985,77.20662,0.0,8,0.00;0.00;9.81,0.0,LANDED,-1.9;-24.8;4.6|42176|24|42.0
2026-INSPACe-CAN-7USAT-020,1786198003,351,0.0,101325,35.0,8.20,12:00:00,28.61985,77.20662,0.0,8,0.00;0.00;9.81,0.0,LANDED,-11.8;16.1;-0.9|47680|29|42.1
2026-INSPACe-CAN-7USAT-020,1786198004,352,0.0,101325,35.0,8.20,12:00:00,28.61985,77.20662,0.0,8,0.00;0.00;9.81,0.0,LANDED,-6.0;-3.9;-15.2|44580|53|48.5
2026-INSPACe-CAN-7USAT-020,1786198005,353,0.0,101325,35.0,8.20,12:00:00,28.61985,77.20662,0.0,8,0.00;0.00;9.81,0.0,LANDED,-0.8;4.2;-5.9|42017|61|43.0
2026-INSPACe-CAN-7USAT-020,1786198006,354,0.0,101325,35.0,8.20,12:00:00,28.61985,77.20662,0.0,8,0.00;0.00;9.81,0.0,LANDED,6.2;16.9;-10.3|42359|56|43.5
2026-INSPACe-CAN-7USAT-020,1786198007,355,0.0,101325,35.0,8.20,12:00:00,28.61985,77.20662,0.0,8,0.00;0.00;9.81,0.0,LANDED,13.3;-22.6;-23.9|47101|34|48.6
2026-INSPACe-CAN-7USAT-020,1786198008,356,0.0,101325,35.0,8.20,12:00:00,28.61985,77.20662,0.0,8,0.00;0.00;9.81,0.0,LANDED,1.4;16.7;-4.2|45446|54|40.5
2026-INSPACe-CAN-7USAT-020,1786198009,357,0.0,101325,35.0,8.20,12:00:00,28.61985,77.20662,0.0,8,0.00;0.00;9.81,0.0,LANDED,22.2;-12.5;13.9|47682|57|45.6
2026-INSPACe-CAN-7USAT-020,1786198010,358,0.0,101325,35.0,8.20,12:00:00,28.61985,77.20662,0.0,8,0.00;0.00;9.81,0.0,LANDED,21.0;-19.7;1.1|42545|46|44.2
2026-INSPACe-CAN-7USAT-020,1786198011,359,0.0,101325,35.0,8.20,12:00:00,28.61985,77.20662,0.0,8,0.00;0.00;9.81,0.0,LANDED,12.6;-12.4;22.1|41121|47|48.5
2026-INSPACe-CAN-7USAT-020,1786198012,360,0.0,101325,35.0,8.20,12:00:00,28.61985,77.20662,0.0,8,0.00;0.00;9.81,0.0,LANDED,-17.9;-11.5;-19.8|47356|67|44.4
2026-INSPACe-CAN-7USAT-020,1786198013,361,0.0,101325,35.0,8.20,12:00:00,28.61985,77.20662,0.0,8,0.00;0.00;9.81,0.0,LANDED,11.7;11.8;21.3|41512|61|41.8
2026-INSPACe-CAN-7USAT-020,1786198014,362,0.0,101325,35.0,8.20,12:00:00,28.61985,77.20662,0.0,8,0.00;0.00;9.81,0.0,LANDED,12.0;-4.2;-7.4|45753|24|40.0
2026-INSPACe-CAN-7USAT-020,1786198015,363,0.0,101325,35.0,8.20,12:00:00,28.61985,77.20662,0.0,8,0.00;0.00;9.81,0.0,LANDED,-22.5;10.5;8.2|47801|32|46.2
2026-INSPACe-CAN-7USAT-020,1786198016,364,0.0,101325,35.0,8.20,12:00:00,28.61985,77.20662,0.0,8,0.00;0.00;9.81,0.0,LANDED,5.0;-6.1;-16.2|44297|45|45.7
2026-INSPACe-CAN-7USAT-020,1786198017,365,0.0,101325,35.0,8.20,12:00:00,28.61985,77.20662,0.0,8,0.00;0.00;9.81,0.0,LANDED,8.8;2.7;24.0|43671|26|44.8
2026-INSPACe-CAN-7USAT-020,1786198018,366,0.0,101325,35.0,8.20,12:00:00,28.61985,77.20662,0.0,8,0.00;0.00;9.81,0.0,LANDED,-12.4;-15.4;13.4|47808|55|42.0
2026-INSPACe-CAN-7USAT-020,1786198019,367,0.0,101325,35.0,8.20,12:00:00,28.61985,77.20662,0.0,8,0.00;0.00;9.81,0.0,LANDED,-17.3;14.0;7.5|43908|26|47.6
2026-INSPACe-CAN-7USAT-020,1786198020,368,0.0,101325,35.0,8.20,12:00:00,28.61985,77.20662,0.0,8,0.00;0.00;9.81,0.0,LANDED,1.8;-20.5;2.8|45975|23|43.3
2026-INSPACe-CAN-7USAT-020,1786198021,369,0.0,101325,35.0,8.20,12:00:00,28.61985,77.20662,0.0,8,0.00;0.00;9.81,0.0,LANDED,13.0;21.6;10.8|47071|39|43.8
2026-INSPACe-CAN-7USAT-020,1786198022,370,0.0,101325,35.0,8.20,12:00:00,28.61985,77.20662,0.0,8,0.00;0.00;9.81,0.0,LANDED,3.2;13.3;21.1|49095|49|40.3
2026-INSPACe-CAN-7USAT-020,1786198023,371,0.0,101325,35.0,8.20,12:00:00,28.61985,77.20662,0.0,8,0.00;0.00;9.81,0.0,LANDED,-11.8;-10.2;-8.2|42905|40|40.9
2026-INSPACe-CAN-7USAT-020,1786198024,372,0.0,101325,35.0,8.20,12:00:00,28.61985,77.20662,0.0,8,0.00;0.00;9.81,0.0,LANDED,-1.1;-10.2;24.7|49092|39|46.0
2026-INSPACe-CAN-7USAT-020,1786198025,373,0.0,101325,35.0,8.20,12:00:00,28.61985,77.20662,0.0,8,0.00;0.00;9.81,0.0,LANDED,17.2;-14.9;-16.1|48446|54|41.7
2026-INSPACe-CAN-7USAT-020,1786198026,374,0.0,101325,35.0,8.20,12:00:00,28.61985,77.20662,0.0,8,0.00;0.00;9.81,0.0,LANDED,4.9;14.6;-18.8|46364|42|42.5
2026-INSPACe-CAN-7USAT-020,1786198027,375,0.0,101325,35.0,8.20,12:00:00,28.61985,77.20662,0.0,8,0.00;0.00;9.81,0.0,LANDED,-18.6;-15.5;14.0|46728|43|45.5
2026-INSPACe-CAN-7USAT-020,1786198028,376,0.0,101325,35.0,8.20,12:00:00,28.61985,77.20662,0.0,8,0.00;0.00;9.81,0.0,LANDED,-2.3;24.9;-24.9|49847|44|40.8
2026-INSPACe-CAN-7USAT-020,1786198029,377,0.0,101325,35.0,8.20,12:00:00,28.61985,77.20662,0.0,8,0.00;0.00;9.81,0.0,LANDED,21.9;-19.8;-17.3|41174|27|40.9
2026-INSPACe-CAN-7USAT-020,1786198030,378,0.0,101325,35.0,8.20,12:00:00,28.61985,77.20662,0.0,8,0.00;0.00;9.81,0.0,LANDED,-14.4;-5.7;-18.3|41216|36|40.9
2026-INSPACe-CAN-7USAT-020,1786198031,379,0.0,101325,35.0,8.20,12:00:00,28.61985,77.20662,0.0,8,0.00;0.00;9.81,0.0,LANDED,0.9;20.6;-11.5|45419|64|49.7
2026-INSPACe-CAN-7USAT-020,1786198032,380,0.0,101325,35.0,8.20,12:00:00,28.61985,77.20662,0.0,8,0.00;0.00;9.81,0.0,LANDED,20.4;-2.8;17.0|45695|57|43.6
2026-INSPACe-CAN-7USAT-020,1786198033,381,0.0,101325,35.0,8.20,12:00:00,28.61985,77.20662,0.0,8,0.00;0.00;9.81,0.0,LANDED,-5.5;12.4;11.5|40254|53|42.6
2026-INSPACe-CAN-7USAT-020,1786198034,382,0.0,101325,35.0,8.20,12:00:00,28.61985,77.20662,0.0,8,0.00;0.00;9.81,0.0,LANDED,21.1;22.9;-23.2|46166|40|49.0
2026-INSPACe-CAN-7USAT-020,1786198035,383,0.0,101325,35.0,8.20,12:00:00,28.61985,77.20662,0.0,8,0.00;0.00;9.81,0.0,LANDED,-17.0;-23.2;14.9|47939|24|45.0
2026-INSPACe-CAN-7USAT-020,1786198036,384,0.0,101325,35.0,8.20,12:00:00,28.61985,77.20662,0.0,8,0.00;0.00;9.81,0.0,LANDED,1.0;4.2;17.4|46122|54|47.3
2026-INSPACe-CAN-7USAT-020,1786198037,385,0.0,101325,35.0,8.20,12:00:00,28.61985,77.20662,0.0,8,0.00;0.00;9.81,0.0,LANDED,24.6;11.8;-21.9|49522|48|40.3
2026-INSPACe-CAN-7USAT-020,1786198038,386,0.0,101325,35.0,8.20,12:00:00,28.61985,77.20662,0.0,8,0.00;0.00;9.81,0.0,LANDED,-13.1;-13.5;-11.4|45999|38|47.9
2026-INSPACe-CAN-7USAT-020,1786198039,387,0.0,101325,35.0,8.20,12:00:00,28.61985,77.20662,0.0,8,0.00;0.00;9.81,0.0,LANDED,-2.9;-4.9;5.0|47680|25|42.6
2026-INSPACe-CAN-7USAT-020,1786198040,388,0.0,101325,35.0,8.20,12:00:00,28.61985,77.20662,0.0,8,0.00;0.00;9.81,0.0,LANDED,-18.2;-13.4;-14.3|41038|50|45.4
2026-INSPACe-CAN-7USAT-020,1786198041,389,0.0,101325,35.0,8.20,12:00:00,28.61985,77.20662,0.0,8,0.00;0.00;9.81,0.0,LANDED,-2.7;-7.8;14.4|41379|58|45.2
2026-INSPACe-CAN-7USAT-020,1786198043,390,0.0,101325,35.0,8.20,12:00:00,28.61985,77.20662,0.0,8,0.00;0.00;9.81,0.0,LANDED,-24.1;15.6;-20.2|41328|38|41.4
2026-INSPACe-CAN-7USAT-020,1786198044,391,0.0,101325,35.0,8.20,12:00:00,28.61985,77.20662,0.0,8,0.00;0.00;9.81,0.0,LANDED,-9.8;14.1;3.8|43762|56|47.1
2026-INSPACe-CAN-7USAT-020,1786198045,392,0.0,101325,35.0,8.20,12:00:00,28.61985,77.20662,0.0,8,0.00;0.00;9.81,0.0,LANDED,0.7;16.2;-18.5|42718|28|45.8
2026-INSPACe-CAN-7USAT-020,1786198046,393,0.0,101325,35.0,8.20,12:00:00,28.61985,77.20662,0.0,8,0.00;0.00;9.81,0.0,LANDED,-11.2;-17.6;-13.1|43269|48|47.6
2026-INSPACe-CAN-7USAT-020,1786198047,394,0.0,101325,35.0,8.20,12:00:00,28.61985,77.20662,0.0,8,0.00;0.00;9.81,0.0,LANDED,13.9;17.9;24.6|43547|58|43.5
2026-INSPACe-CAN-7USAT-020,1786198048,395,0.0,101325,35.0,8.20,12:00:00,28.61985,77.20662,0.0,8,0.00;0.00;9.81,0.0,LANDED,-24.1;20.1;-13.1|41785|58|48.4
2026-INSPACe-CAN-7USAT-020,1786198049,396,0.0,101325,35.0,8.20,12:00:00,28.61985,77.20662,0.0,8,0.00;0.00;9.81,0.0,LANDED,-18.3;-8.8;-0.4|44494|25|47.8
2026-INSPACe-CAN-7USAT-020,1786198050,397,0.0,101325,35.0,8.20,12:00:00,28.61985,77.20662,0.0,8,0.00;0.00;9.81,0.0,LANDED,15.9;5.7;19.7|43448|22|44.6
2026-INSPACe-CAN-7USAT-020,1786198051,398,0.0,101325,35.0,8.20,12:00:00,28.61985,77.20662,0.0,8,0.00;0.00;9.81,0.0,LANDED,15.2;-22.5;3.5|40632|38|48.2
2026-INSPACe-CAN-7USAT-020,1786198052,399,0.0,101325,35.0,8.20,12:00:00,28.61985,77.20662,0.0,8,0.00;0.00;9.81,0.0,LANDED,5.0;-24.1;10.5|43613|31|43.0
2026-INSPACe-CAN-7USAT-020,1786198053,400,0.0,101325,35.0,8.20,12:00:00,28.61985,77.20662,0.0,8,0.00;0.00;9.81,0.0,LANDED,-16.0;-7.3;13.9|40151|63|46.7
2026-INSPACe-CAN-7USAT-020,1786198054,401,0.0,101325,35.0,8.20,12:00:00,28.61985,77.20662,0.0,8,0.00;0.00;9.81,0.0,LANDED,-2.3;15.2;24.4|47367|28|40.4
2026-INSPACe-CAN-7USAT-020,1786199060,1,0.0,101325,35.0,8.20,12:00:00,28.61390,77.20900,0.0,8,0.00;0.00;9.81,0.0,PRE-FLIGHT,25.0;-12.3;-22.5|48366|22|46.6
2026-INSPACe-CAN-7USAT-020,1786199061,2,0.0,101325,35.0,8.20,12:00:00,28.61390,77.20900,0.0,8,0.00;0.00;9.81,0.0,PRE-FLIGHT,-15.7;17.9;-7.7|49043|55|48.5
2026-INSPACe-CAN-7USAT-020,1786199062,3,0.0,101325,35.0,8.20,12:00:00,28.61390,77.20900,0.0,8,0.00;0.00;9.81,0.0,PRE-FLIGHT,17.8;-18.9;19.2|41945|29|40.3
2026-INSPACe-CAN-7USAT-020,1786199063,4,0.0,101325,35.0,8.20,12:00:00,28.61390,77.20900,0.0,8,0.00;0.00;9.81,0.0,PRE-FLIGHT,7.1;16.7;0.4|49339|31|42.0
2026-INSPACe-CAN-7USAT-020,1786199064,5,0.0,101325,35.0,8.20,12:00:00,28.61390,77.20900,0.0,8,0.00;0.00;9.81,0.0,PRE-FLIGHT,12.3;-24.6;13.4|44900|59|45.7
2026-INSPACe-CAN-7USAT-020,1786199065,6,0.0,101325,35.0,8.20,12:00:00,28.61390,77.20900,0.0,8,0.00;0.00;9.81,0.0,PRE-FLIGHT,-1.7;18.1;2.6|41933|34|44.0
2026-INSPACe-CAN-7USAT-020,1786199066,7,0.0,101325,35.0,8.20,12:00:00,28.61390,77.20900,0.0,8,0.00;0.00;9.81,0.0,PRE-FLIGHT,12.0;3.3;16.5|48363|37|45.3
2026-INSPACe-CAN-7USAT-020,1786199067,8,0.0,101325,35.0,8.20,12:00:00,28.61390,77.20900,0.0,8,0.00;0.00;9.81,0.0,PRE-FLIGHT,16.2;24.8;-10.5|44890|28|43.7
2026-INSPACe-CAN-7USAT-020,1786199068,9,0.0,101325,35.0,8.20,12:00:00,28.61390,77.20900,0.0,8,0.00;0.00;9.81,0.0,PRE-FLIGHT,14.6;17.0;17.0|45479|60|49.9
2026-INSPACe-CAN-7USAT-020,1786199069,10,0.0,101325,35.0,8.20,12:00:00,28.61390,77.20900,0.0,8,0.00;0.00;9.81,0.0,PRE-FLIGHT,-9.3;-23.7;9.8|49864|53|41.3
2026-INSPACe-CAN-7USAT-020,1786199070,11,25.0,101025,34.8,8.20,12:00:00,28.61395,77.20898,25.0,8,0.36;-9.19;25.50,61.2,ASCENT,22.5;5.4;-19.9|41830|47|48.5
2026-INSPACe-CAN-7USAT-020,1786199071,12,50.0,100725,34.7,8.20,12:00:00,28.61400,77.20896,50.0,8,-7.68;2.31;25.50,86.7,ASCENT,24.4;-13.0;-10.4|49979|63|45.6
2026-INSPACe-CAN-7USAT-020,1786199072,13,75.0,100425,34.5,8.20,12:00:00,28.61405,77.20894,75.0,8,-6.35;-6.75;25.50,68.2,ASCENT,-4.7;24.4;8.1|43283|27|49.4
2026-INSPACe-CAN-7USAT-020,1786199073,14,100.0,100125,34.4,8.20,12:00:00,28.61410,77.20892,100.0,8,3.96;-0.71;25.50,36.2,ASCENT,-13.2;11.7;15.5|43439|28|40.3
2026-INSPACe-CAN-7USAT-020,1786199074,15,125.0,99825,34.2,8.20,12:00:00,28.61415,77.20890,125.0,8,8.34;7.11;25.50,3.2,ASCENT,-4.5;5.2;3.6|46842|64|44.0
2026-INSPACe-CAN-7USAT-020,1786199075,16,150.0,99525,34.0,8.20,12:00:00,28.61420,77.20888,150.0,8,5.66;-8.35;25.50,74.3,ASCENT,20.3;7.3;-4.6|40464|27|46.3
2026-INSPACe-CAN-7USAT-020,1786199076,17,175.0,99225,33.9,8.20,12:00:00,28.61425,77.20886,175.0,8,-0.79;-8.83;25.50,88.6,ASCENT,0.1;-0.8;17.8|41142|47|40.7
2026-INSPACe-CAN-7USAT-020,1786199077,18,200.0,98925,33.7,8.20,12:00:00,28.61430,77.20884,200.0,8,-4.57;-7.56;25.50,18.6,ASCENT,2.4;0.3;-18.6|46182|38|49.9
2026-INSPACe-CAN-7USAT-020,1786199078,19,225.0,98625,33.5,8.20,12:00:00,28.61435,77.20882,225.0,8,9.06;0.37;25.50,22.9,ASCENT,-22.3;24.6;-20.9|44674|30|40.2
2026-INSPACe-CAN-7USAT-020,1786199079,20,250.0,98325,33.4,8.20,12:00:00,28.61440,77.20880,250.0,8,1.05;6.38;25.50,1.7,ASCENT,11.7;3.7;-14.9|44292|61|47.6
2026-INSPACe-CAN-7USAT-020,1786199080,21,275.0,98025,33.2,8.20,12:00:00,28.61445,77.20878,275.0,8,-3.14;8.72;25.50,53.4,ASCENT,-1.6;10.9;7.1|42457|23|49.9
2026-INSPACe-CAN-7USAT-020,1786199081,22,300.0,97725,33.0,8.20,12:00:00,28.61450,77.20876,300.0,8,-4.71;-1.35;25.50,12.6,ASCENT,5.9;-11.6;-23.5|44706|57|41.3
2026-INSPACe-CAN-7USAT-020,1786199082,23,325.0,97425,32.9,8.20,12:00:00,28.61455,77.20874,325.0,8,3.21;3.88;25.50,46.5,ASCENT,-20.0;-8.3;-8.0|41773|50|46.9
2026-INSPACe-CAN-7USAT-020,1786199083,24,350.0,97125,32.7,8.20,12:00:00,28.61460,77.20872,350.0,8,6.03;0.16;25.50,50.1,ASCENT,-10.7;-1.0;7.1|43994|59|44.1
2026-INSPACe-CAN-7USAT-020,1786199084,25,375.0,96825,32.6,8.20,12:00:00,28.61465,77.20870,375.0,8,2.50;-2.31;25.50,27.9,ASCENT,17.7;-16.1;17.1|42209|57|46.4
2026-INSPACe-CAN-7USAT-020,1786199085,26,400.0,96525,32.4,8.20,12:00:00,28.61470,77.20868,400.0,8,2.83;6.57;25.50,34.0,ASCENT,14.3;-23.0;3.0|40288|58|42.4
2026-INSPACe-CAN-7USAT-020,1786199086,27,425.0,96225,32.2,8.20,12:00:00,28.61475,77.20866,425.0,8,5.78;-0.13;25.50,72.3,ASCENT,16.8;-20.8;-4.5|48754|40|45.2
2026-INSPACe-CAN-7USAT-020,1786199087,28,450.0,95925,32.1,8.20,12:00:00,28.61480,77.20864,450.0,8,-7.53;1.64;25.50,79.8,ASCENT,2.6;18.3;-5.9|49931|60|46.4
2026-INSPACe-CAN-7USAT-020,1786199088,29,475.0,95625,31.9,8.20,12:00:00,28.61485,77.20862,475.0,8,4.58;-5.67;25.50,75.1,ASCENT,17.3;-11.3;-5.0|41474|21|44.0
2026-INSPACe-CAN-7USAT-020,1786199090,30,500.0,95325,31.8,8.20,12:00:00,28.61490,77.20860,500.0,8,6.40;2.08;25.50,7.7,ASCENT,14.6;0.9;7.2|46572|55|44.1
2026-INSPACe-CAN-7USAT-020,1786199091,31,525.0,95025,31.6,8.20,12:00:00,28.61495,77.20858,525.0,8,-9.87;5.21;25.50,4.7,ASCENT,22.5;8.7;-17.8|40728|64|45.6
2026-INSPACe-CAN-7USAT-020,1786199092,32,550.0,94725,31.4,8.20,12:00:00,28.61500,77.20856,550.0,8,1.24;-0.15;25.50,46.6,ASCENT,-18.6;4.7;-23.5|44298|36|43.8
2026-INSPACe-CAN-7USAT-020,1786199093,33,575.0,94425,31.3,8.20,12:00:00,28.61505,77.20854,575.0,8,-1.80;-4.15;25.50,64.5,ASCENT,3.8;10.9;13.3|41982|41|41.6
2026-INSPACe-CAN-7USAT-020,1786199094,34,600.0,94125,31.1,8.20,12:00:00,28.61510,77.20852,600.0,8,0.26;1.81;25.50,33.3,ASCENT,13.2;23.6;15.9|40082|29|45.8
2026-INSPACe-CAN-7USAT-020,1786199095,35,625.0,93825,30.9,8.20,12:00:00,28.61515,77.20850,625.0,8,3.70;6.19;25.50,48.1,ASCENT,-4.5;-24.6;12.3|48008|60|48.1
2026-INSPACe-CAN-7USAT-020,1786199096,36,650.0,93525,30.8,8.20,12:00:00,28.61520,77.20848,650.0,8,-7.33;-4.63;25.50,66.7,ASCENT,1.1;19.3;20.2|44976|62|42.9
2026-INSPACe-CAN-7USAT-020,1786199097,37,675.0,93225,30.6,8.20,12:00:00,28.61525,77.20846,675.0,8,-7.52;4.79;25.50,14.8,ASCENT,11.5;10.9;6.9|45323|28|46.5
2026-INSPACe-CAN-7USAT-020,1786199098,38,700.0,92925,30.4,8.20,12:00:00,28.61530,77.20844,700.0,8,-4.81;8.05;25.50,55.5,ASCENT,-17.3;-5.1;-22.1|48460|42|43.2
2026-INSPACe-CAN-7USAT-020,1786199099,39,725.0,92625,30.3,8.20,12:00:00,28.61535,77.20842,725.0,8,5.83;0.04;25.50,12.8,ASCENT,-5.5;-2.4;-18.4|43722|27|42.5
2026-INSPACe-CAN-7USAT-020,1786199100,40,717.0,92721,30.3,8.20,12:00:00,28.61540,77.20840,717.0,8,1.39;9.44;10.36,62.3,DESCENT,9.7;5.8;3.4|40122|26|46.1
2026-INSPACe-CAN-7USAT-020,1786199101,41,709.0,92817,30.4,8.20,12:00:00,28.61545,77.20838,709.0,8,6.43;4.99;9.70,8.1,DESCENT,-0.5;21.5;1.5|45572|34|48.2
2026-INSPACe-CAN-7USAT-020,1786199102,42,701.0,92913,30.4,8.20,12:00:00,28.61550,77.20836,701.0,8,-6.70;0.43;10.58,62.2,DESCENT,-1.9;-11.1;-23.7|40148|65|43.4
2026-INSPACe-CAN-7USAT-020,1786199103,43,693.0,93009,30.5,8.20,12:00:00,28.61555,77.20834,693.0,8,0.51;6.88;11.37,49.2,DESCENT,-21.8;-5.9;-8.3|40890|32|47.3
2026-INSPACe-CAN-7USAT-020,1786199104,44,685.0,93105,30.5,8.20,12:00:00,28.61560,77.20832,685.0,8,-2.99;2.25;9.50,49.1,DESCENT,-12.2;23.2;15.1|46892|24|40.2
2026-INSPACe-CAN-7USAT-020,1786199105,45,677.0,93201,30.6,8.20,12:00:00,28.61565,77.20830,677.0,8,-7.76;3.76;11.06,6.0,DESCENT,-20.2;-18.5;10.4|47881|62|40.5
2026-INSPACe-CAN-7USAT-020,1786199106,46,669.0,93297,30.7,8.20,12:00:00,28.61570,77.20828,669.0,8,-8.94;2.21;9.16,53.1,DESCENT,-8.2;15.4;-24.0|43320|48|45.2
2026-INSPACe-CAN-7USAT-020,1786199107,47,661.0,93393,30.7,8.20,12:00:00,28.61575,77.20826,661.0,8,7.58;4.07;10.35,30.3,DESCENT,-8.6;-10.0;13.3|45348|47|42.4
2026-INSPACe-CAN-7USAT-020,1786199108,48,653.0,93489,30.8,8.20,12:00:00,28.61580,77.20824,653.0,8,-9.36;4.37;9.23,87.3,DESCENT,-22.6;1.9;15.6|47305|36|43.6
2026-INSPACe-CAN-7USAT-020,1786199109,49,645.0,93585,30.8,8.20,12:00:00,28.61585,77.20822,645.0,8,-4.97;0.63;11.05,9.6,DESCENT,12.7;4.1;-0.7|40030|56|44.1
2026-INSPACe-CAN-7USAT-020,1786199110,50,637.0,93681,30.9,8.20,12:00:00,28.61590,77.20820,637.0,8,7.38;-3.22;10.13,85.0,DESCENT,22.2;13.2;5.3|47449|29|43.8
2026-INSPACe-CAN-7USAT-020,1786199111,51,629.0,93777,30.9,8.20,12:00:00,28.61595,77.20818,629.0,8,5.35;7.35;9.66,60.2,DESCENT,5.3;-4.1;23.1|44219|41|48.6
2026-INSPACe-CAN-7USAT-020,1786199112,52,621.0,93873,31.0,8.20,12:00:00,28.61600,77.20816,621.0,8,1.60;-5.76;9.14,18.6,DESCENT,23.3;-14.3;0.5|45500|33|40.0
2026-INSPACe-CAN-7USAT-020,1786199113,53,613.0,93969,31.0,8.20,12:00:00,28.61605,77.20814,613.0,8,-9.73;0.02;8.69,15.8,DESCENT,11.6;-9.8;-14.5|46363|35|41.0
2026-INSPACe-CAN-7USAT-020,1786199114,54,605.0,94065,31.1,8.20,12:00:00,28.61610,77.20812,605.0,8,5.22;-9.94;10.41,48.9,DESCENT,-17.8;2.9;16.4|42223|61|40.5
2026-INSPACe-CAN-7USAT-020,1786199115,55,597.0,94161,31.1,8.20,12:00:00,28.61615,77.20810,597.0,8,3.05;0.17;11.81,2.6,DESCENT,14.3;13.6;1.5|41874|43|40.1
2026-INSPACe-CAN-7USAT-020,1786199116,56,589.0,94257,31.2,8.20,12:00:00,28.61620,77.20808,589.0,8,-6.08;8.40;10.34,35.4,DESCENT,12.4;18.1;13.1|49857|68|49.3
2026-INSPACe-CAN-7USAT-020,1786199117,57,581.0,94353,31.2,8.20,12:00:00,28.61625,77.20806,581.0,8,-7.81;2.75;9.15,18.3,DESCENT,-3.0;9.7;19.3|45614|37|48.8
2026-INSPACe-CAN-7USAT-020,1786199118,58,573.0,94449,31.3,8.20,12:00:00,28.61630,77.20804,573.0,8,-9.88;3.83;10.13,40.2,DESCENT,1.4;-12.4;20.6|45341|59|45.5
2026-INSPACe-CAN-7USAT-020,1786199119,59,565.0,94545,31.3,8.20,12:00:00,28.61635,77.20802,565.0,8,5.53;-7.00;9.79,66.2,DESCENT,-5.0;-19.8;-20.9|48192|42|40.2
2026-INSPACe-CAN-7USAT-020,1786199120,60,557.0,94641,31.4,8.20,12:00:00,28.61640,77.20800,557.0,8,0.58;7.91;11.02,60.9,DESCENT,1.7;-22.0;-12.3|49299|37|40.4
2026-INSPACe-CAN-7USAT-020,1786199121,61,549.0,94737,31.4,8.20,12:00:00,28.61645,77.20798,549.0,8,4.86;4.10;10.80,53.0,DESCENT,9.0;-4.1;3.5|46880|21|48.2
2026-INSPACe-CAN-7USAT-020,1786199122,62,541.0,94833,31.5,8.20,12:00:00,28.61650,77.20796,541.0,8,4.46;-3.56;10.27,14.2,DESCENT,-17.6;-11.8;-21.2|46741|44|47.2
2026-INSPACe-CAN-7USAT-020,1786199123,63,533.0,94929,31.5,8.20,12:00:00,28.61655,77.20794,533.0,8,-8.98;-4.49;11.63,6.8,DESCENT,24.0;-18.9;-6.5|46869|26|42.0
2026-INSPACe-CAN-7USAT-020,1786199124,64,525.0,95025,31.6,8.20,12:00:00,28.61660,77.20792,525.0,8,1.64;8.13;10.40,32.3,DESCENT,-20.2;3.4;15.4|40724|29|49.5
2026-INSPACe-CAN-7USAT-020,1786199125,65,517.0,95121,31.6,8.20,12:00:00,28.61665,77.20790,517.0,8,-7.37;9.04;10.14,10.8,DESCENT,25.0;16.0;-2.0|46377|31|43.0
2026-INSPACe-CAN-7USAT-020,1786199126,66,509.0,95217,31.7,8.20,12:00:00,28.61670,77.20788,509.0,8,-1.72;-2.52;9.71,66.7,DESCENT,23.2;-13.7;8.8|44230|25|41.8
2026-INSPACe-CAN-7USAT-020,1786199127,67,501.0,95313,31.7,8.20,12:00:00,28.61675,77.20786,501.0,8,-9.85;3.70;10.75,24.7,DESCENT,-8.2;-19.4;15.8|41900|36|45.3
2026-INSPACe-CAN-7USAT-020,1786199128,68,493.0,95409,31.8,8.20,12:00:00,28.61680,77.20784,493.0,8,-3.07;-7.47;9.09,43.4,DESCENT,7.2;15.7;-18.7|48691|23|42.0
2026-INSPACe-CAN-7USAT-020,1786199129,69,485.0,95505,31.8,8.20,12:00:00,28.61685,77.20782,485.0,8,-8.58;-9.90;8.55,84.8,DESCENT,21.1;22.7;18.4|49240|35|47.3
2026-INSPACe-CAN-7USAT-020,1786199130,70,477.0,95601,31.9,8.20,12:00:00,28.61690,77.20780,477.0,8,6.43;0.93;8.99,78.6,DESCENT,10.1;2.8;-6.9|42780|47|41.8
2026-INSPACe-CAN-7USAT-020,1786199131,71,469.0,95697,32.0,8.20,12:00:00,28.61695,77.20778,469.0,8,-7.11;-0.48;8.41,53.2,DESCENT,-1.4;12.3;-14.5|41324|62|43.6
2026-INSPACe-CAN-7USAT-020,1786199132,72,461.0,95793,32.0,8.20,12:00:00,28.61700,77.20776,461.0,8,-1.33;0.08;10.19,58.5,DESCENT,13.4;5.6;-17.6|47005|45|40.9
2026-INSPACe-CAN-7USAT-020,1786199133,73,453.0,95889,32.1,8.20,12:00:00,28.61705,77.20774,453.0,8,6.82;-4.22;8.51,50.4,DESCENT,-23.7;8.0;14.3|46815|50|48.8
2026-INSPACe-CAN-7USAT-020,1786199134,74,445.0,95985,32.1,8.20,12:00:00,28.61710,77.20772,445.0,8,-7.58;-1.79;9.90,20.0,DESCENT,-1.9;22.0;-20.8|45029|48|40.7
2026-INSPACe-CAN-7USAT-020,1786199135,75,437.0,96081,32.2,8.20,12:00:00,28.61715,77.20770,437.0,8,-1.89;0.77;8.31,23.8,DESCENT,3.4;-0.3;12.1|47374|24|47.1
2026-INSPACe-CAN-7USAT-020,1786199136,76,429.0,96177,32.2,8.20,12:00:00,28.61720,77.20768,429.0,8,-5.75;-4.81;9.27,5.6,DESCENT,2.7;-17.0;6.1|45906|51|44.9
2026-INSPACe-CAN-7USAT-020,1786199137,77,421.0,96273,32.3,8.20,12:00:00,28.61725,77.20766,421.0,8,-5.66;9.89;8.92,35.0,DESCENT,20.7;-8.3;1.8|44476|32|46.5
2026-INSPACe-CAN-7USAT-020,1786199138,78,413.0,96369,32.3,8.20,12:00:00,28.61730,77.20764,413.0,8,1.77;-9.98;10.31,39.8,DESCENT,8.4;-14.6;-15.0|41727|51|41.2
2026-INSPACe-CAN-7USAT-020,1786199139,79,405.0,96465,32.4,8.20,12:00:00,28.61735,77.20762,405.0,8,6.55;-5.58;7.94,43.7,DESCENT,-16.2;-11.9;6.4|49586|67|44.9
2026-INSPACe-CAN-7USAT-020,1786199140,80,397.0,96561,32.4,8.20,12:00:00,28.61740,77.20760,397.0,8,-1.77;-7.13;9.09,44.7,DESCENT,1.4;-14.2;-9.6|45481|61|43.0
2026-INSPACe-CAN-7USAT-020,1786199141,81,389.0,96657,32.5,8.20,12:00:00,28.61745,77.20758,389.0,8,6.10;3.35;8.46,66.3,DESCENT,6.4;8.9;-22.4|42539|30|45.7
2026-INSPACe-CAN-7USAT-020,1786199142,82,381.0,96753,32.5,8.20,12:00:00,28.61750,77.20756,381.0,8,-0.85;9.70;9.64,46.2,DESCENT,2.2;-7.9;-16.8|49502|50|47.1
2026-INSPACe-CAN-7USAT-020,1786199143,83,373.0,96849,32.6,8.20,12:00:00,28.61755,77.20754,373.0,8,4.79;-8.06;7.83,35.3,DESCENT,-1.5;21.0;9.1|40702|38|48.4
2026-INSPACe-CAN-7USAT-020,1786199144,84,365.0,96945,32.6,8.20,12:00:00,28.61760,77.20752,365.0,8,1.48;-0.78;8.31,45.4,DESCENT,-15.8;-23.6;0.1|49491|63|40.4
2026-INSPACe-CAN-7USAT-020,1786199145,85,357.0,97041,32.7,8.20,12:00:00,28.61765,77.20750,357.0,8,8.75;4.33;8.86,10.1,DESCENT,-7.2;9.4;-10.3|46792|29|45.7
2026-INSPACe-CAN-7USAT-020,1786199146,86,349.0,97137,32.7,8.20,12:00:00,28.61770,77.20748,349.0,8,7.07;6.82;10.60,40.6,DESCENT,-15.8;-22.9;1.5|45149|31|43.6
2026-INSPACe-CAN-7USAT-020,1786199147,87,341.0,97233,32.8,8.20,12:00:00,28.61775,77.20746,341.0,8,0.39;8.14;9.17,45.5,DESCENT,-21.9;-14.0;-12.2|40136|22|48.1
2026-INSPACe-CAN-7USAT-020,1786199148,88,333.0,97329,32.8,8.20,12:00:00,28.61780,77.20744,333.0,8,3.25;-7.69;9.00,54.6,DESCENT,-20.1;-21.3;-10.4|46426|46|47.9
2026-INSPACe-CAN-7USAT-020,1786199149,89,325.0,97425,32.9,8.20,12:00:00,28.61785,77.20742,325.0,8,3.75;-2.67;9.43,47.2,DESCENT,23.5;12.3;-9.4|40007|58|40.2
2026-INSPACe-CAN-7USAT-020,1786199150,90,317.0,97521,32.9,8.20,12:00:00,28.61790,77.20740,317.0,8,6.78;9.76;10.05,10.2,DESCENT,-2.6;-4.4;-15.0|49509|58|40.0
2026-INSPACe-CAN-7USAT-020,1786199151,91,309.0,97617,33.0,8.20,12:00:00,28.61795,77.20738,309.0,8,-9.58;-9.47;10.44,45.3,DESCENT,-2.9;12.1;13.8|46893|23|46.8
2026-INSPACe-CAN-7USAT-020,1786199152,92,301.0,97713,33.0,8.20,12:00:00,28.61800,77.20736,301.0,8,3.30;4.20;10.22,74.5,DESCENT,-16.3;-2.1;4.7|41437|34|50.0
2026-INSPACe-CAN-7USAT-020,1786199153,93,293.0,97809,33.1,8.20,12:00:00,28.61805,77.20734,293.0,8,5.96;6.93;11.43,16.0,DESCENT,19.6;21.7;-6.1|40014|65|47.2
2026-INSPACe-CAN-7USAT-020,1786199154,94,285.0,97905,33.1,8.20,12:00:00,28.61810,77.20732,285.0,8,-7.81;3.31;9.08,6.4,DESCENT,16.1;-4.1;5.2|46234|24|47.1
2026-INSPACe-CAN-7USAT-020,1786199155,95,277.0,98001,33.2,8.20,12:00:00,28.61815,77.20730,277.0,8,7.64;4.03;10.14,6.8,DESCENT,-5.6;-0.6;5.7|43312|25|42.6
2026-INSPACe-CAN-7USAT-020,1786199156,96,269.0,98097,33.3,8.20,12:00:00,28.61820,77.20728,269.0,8,-3.15;4.39;10.02,27.7,DESCENT,-11.4;7.1;-17.7|46938|27|45.1
2026-INSPACe-CAN-7USAT-020,1786199157,97,261.0,98193,33.3,8.20,12:00:00,28.61825,77.20726,261.0,8,0.92;-3.30;9.23,25.0,DESCENT,3.7;-2.0;-8.2|40529|21|45.8
2026-INSPACe-CAN-7USAT-020,1786199158,98,253.0,98289,33.4,8.20,12:00:00,28.61830,77.20724,253.0,8,-7.65;-8.98;8.20,83.3,DESCENT,6.6;-20.1;-6.8|45255|49|41.7
2026-INSPACe-CAN-7USAT-020,1786199159,99,245.0,98385,33.4,8.20,12:00:00,28.61835,77.20722,245.0,8,7.28;-1.20;10.38,12.7,DESCENT,-15.5;1.5;15.0|45420|66|40.4
2026-INSPACe-CAN-7USAT-020,1786199160,100,237.0,98481,33.5,8.20,12:00:00,28.61840,77.20720,237.0,8,-9.27;1.88;8.62,87.9,DESCENT,-10.5;21.1;5.1|48750|47|49.1
2026-INSPACe-CAN-7USAT-020,1786199161,101,229.0,98577,33.5,8.20,12:00:00,28.61845,77.20718,229.0,8,6.18;-6.44;10.18,1.2,DESCENT,-15.5;15.9;10.2|47701|69|42.8
2026-INSPACe-CAN-7USAT-020,1786199162,102,221.0,98673,33.6,8.20,12:00:00,28.61850,77.20716,221.0,8,-4.71;-2.08;9.75,74.8,DESCENT,19.1;18.4;18.0|40463|36|44.4
2026-INSPACe-CAN-7USAT-020,1786199163,103,213.0,98769,33.6,8.20,12:00:00,28.61855,77.20714,213.0,8,-5.06;2.47;8.85,9.7,DESCENT,-8.2;-4.5;20.4|44519|33|40.9
2026-INSPACe-CAN-7USAT-020,1786199164,104,205.0,98865,33.7,8.20,12:00:00,28.61860,77.20712,205.0,8,1.97;-8.24;7.83,36.8,DESCENT,7.8;15.6;-12.4|46735|67|46.7
2026-INSPACe-CAN-7USAT-020,1786199165,105,197.0,98961,33.7,8.20,12:00:00,28.61865,77.20710,197.0,8,6.67;7.67;10.67,78.0,DESCENT,-8.1;10.6;-7.1|42968|40|49.7
2026-INSPACe-CAN-7USAT-020,1786199166,106,189.0,99057,33.8,8.20,12:00:00,28.61870,77.20708,189.0,8,-0.38;-5.34;11.73,58.4,DESCENT,-23.8;-0.5;9.9|43291|55|46.2
2026-INSPACe-CAN-7USAT-020,1786199167,107,181.0,99153,33.8,8.20,12:00:00,28.61875,77.20706,181.0,8,8.12;3.91;9.30,68.2,DESCENT,-1.3;19.0;-4.0|46999|68|42.7
2026-INSPACe-CAN-7USAT-020,1786199168,108,173.0,99249,33.9,8.20,12:00:00,28.61880,77.20704,173.0,8,-9.70;-7.27;11.48,21.8,DESCENT,-1.9;3.7;-18.3|43314|68|47.0
2026-INSPACe-CAN-7USAT-020,1786199169,109,165.0,99345,33.9,8.20,12:00:00,28.61885,77.20702,165.0,8,4.85;-6.92;9.95,28.1,DESCENT,18.7;-8.0;15.4|46881|56|49.3
2026-INSPACe-CAN-7USAT-020,1786199170,110,157.0,99441,34.0,8.20,12:00:00,28.61890,77.20700,157.0,8,-1.58;0.63;8.13,84.1,DESCENT,-11.8;-22.4;16.8|46322|54|44.2
2026-INSPACe-CAN-7USAT-020,1786199171,111,149.0,99537,34.0,8.20,12:00:00,28.61895,77.20698,149.0,8,-0.36;5.75;9.41,20.0,DESCENT,-24.0;7.5;16.3|42583|34|48.8
2026-INSPACe-CAN-7USAT-020,1786199172,112,141.0,99633,34.1,8.20,12:00:00,28.61900,77.20696,141.0,8,-5.20;-5.35;10.73,21.7,DESCENT,-17.0;-11.4;-4.6|43230|33|44.3
2026-INSPACe-CAN-7USAT-020,1786199173,113,133.0,99729,34.1,8.20,12:00:00,28.61905,77.20694,133.0,8,8.90;-2.27;9.60,76.3,DESCENT,20.0;0.4;-21.8|41648|58|47.1
2026-INSPACe-CAN-7USAT-020,1786199174,114,125.0,99825,34.2,8.20,12:00:00,28.61910,77.20692,125.0,8,-6.53;-8.76;8.62,43.8,DESCENT,-0.8;10.2;0.9|46202|55|47.4
2026-INSPACe-CAN-7USAT-020,1786199175,115,117.0,99921,34.2,8.20,12:00:00,28.61915,77.20690,117.0,8,-5.82;6.55;8.55,9.9,DESCENT,9.8;-10.2;-16.0|42207|46|46.2
2026-INSPACe-CAN-7USAT-020,1786199176,116,109.0,100017,34.3,8.20,12:00:00,28.61920,77.20688,109.0,8,-5.09;-1.99;8.22,28.3,DESCENT,15.5;14.8;11.0|49290|52|40.7
2026-INSPACe-CAN-7USAT-020,1786199177,117,101.0,100113,34.3,8.20,12:00:00,28.61925,77.20686,101.0,8,7.26;2.75;9.33,81.6,DESCENT,15.5;-2.1;-24.5|40430|54|49.2
2026-INSPACe-CAN-7USAT-020,1786199178,118,93.0,100209,34.4,8.20,12:00:00,28.61930,77.20684,93.0,8,-5.05;-6.21;10.32,2.1,DESCENT,7.1;3.7;7.4|40031|29|47.2
2026-INSPACe-CAN-7USAT-020,1786199179,119,85.0,100305,34.4,8.20,12:00:00,28.61935,77.20682,85.0,8,5.77;4.45;10.10,6.9,DESCENT,-8.1;-14.4;-6.2|43675|33|44.3
2026-INSPACe-CAN-7USAT-020,1786199180,120,77.0,100401,34.5,8.20,12:00:00,28.61940,77.20680,77.0,8,-1.56;-9.45;9.58,45.3,DESCENT,18.6;9.2;-23.6|40028|69|41.3
2026-INSPACe-CAN-7USAT-020,1786199182,121,69.0,100497,34.6,8.20,12:00:00,28.61945,77.20678,69.0,8,-1.27;4.43;10.96,22.2,DESCENT,-16.9;-4.9;12.0|46032|25|49.1
2026-INSPACe-CAN-7USAT-020,1786199183,122,61.0,100593,34.6,8.20,12:00:00,28.61950,77.20676,61.0,8,-9.33;-9.21;9.16,61.6,DESCENT,-23.9;22.7;-2.6|42033|43|49.7
2026-INSPACe-CAN-7USAT-020,1786199184,123,53.0,100689,34.7,8.20,12:00:00,28.61955,77.20674,53.0,8,-9.17;-5.82;9.50,88.7,DESCENT,7.4;-5.3;14.8|47445|68|44.6
2026-INSPACe-CAN-7USAT-020,1786199185,124,45.0,100785,34.7,8.20,12:00:00,28.61960,77.20672,45.0,8,3.21;-7.06;9.45,18.5,DESCENT,-13.9;-11.2;3.5|41371|40|48.2
2026-INSPACe-CAN-7USAT-020,1786199186,125,37.0,100881,34.8,8.20,12:00:00,28.61965,77.20670,37.0,8,2.83;5.38;11.06,27.0,DESCENT,22.8;-0.8;-8.5|45857|62|42.3
2026-INSPACe-CAN-7USAT-020,1786199187,126,29.0,100977,34.8,8.20,12:00:00,28.61970,77.20668,29.0,8,-4.25;-2.89;9.74,59.7,DESCENT,-24.5;3.7;-20.2|42097|69|46.9
2026-INSPACe-CAN-7USAT-020,1786199188,127,21.0,101073,34.9,8.20,12:00:00,28.61975,77.20666,21.0,8,-2.62;8.78;11.25,23.8,DESCENT,22.0;-8.2;0.8|46637|29|48.2
2026-INSPACe-CAN-7USAT-020,1786199189,128,13.0,101169,34.9,8.20,12:00:00,28.61980,77.20664,13.0,8,-5.02;-9.06;9.02,70.8,DESCENT,10.5;-20.3;-14.3|42717|38|40.8
2026-INSPACe-CAN-7USAT-020,1786199190,129,5.0,101265,35.0,8.20,12:00:00,28.61985,77.20662,5.0,8,5.58;-7.58;11.17,39.4,DESCENT,8.4;11.4;-15.7|47016|23|49.5
2026-INSPACe-CAN-7USAT-020,1786199191,130,-3.0,101361,35.0,8.20,12:00:00,28.61985,77.20662,-3.0,8,0.00;0.00;9.81,0.0,DESCENT,-11.3;-2.6;-1.0|42500|41|40.8
2026-INSPACe-CAN-7USAT-020,1786199192,131,0.0,101325,35.0,8.20,12:00:00,28.61985,77.20662,0.0,8,0.00;0.00;9.81,0.0,LANDED,-7.4;-15.4;-15.2|45544|44|44.4
2026-INSPACe-CAN-7USAT-020,1786199193,132,0.0,101325,35.0,8.20,12:00:00,28.61985,77.20662,0.0,8,0.00;0.00;9.81,0.0,LANDED,13.1;2.2;21.1|47883|32|44.9
2026-INSPACe-CAN-7USAT-020,1786199194,133,0.0,101325,35.0,8.20,12:00:00,28.61985,77.20662,0.0,8,0.00;0.00;9.81,0.0,LANDED,13.7;1.4;4.2|46157|54|47.5
2026-INSPACe-CAN-7USAT-020,1786199195,134,0.0,101325,35.0,8.20,12:00:00,28.61985,77.20662,0.0,8,0.00;0.00;9.81,0.0,LANDED,6.5;9.2;24.5|40080|44|42.7
2026-INSPACe-CAN-7USAT-020,1786199196,135,0.0,101325,35.0,8.20,12:00:00,28.61985,77.20662,0.0,8,0.00;0.00;9.81,0.0,LANDED,-3.9;8.2;3.4|48738|36|46.0
2026-INSPACe-CAN-7USAT-020,1786199197,136,0.0,101325,35.0,8.20,12:00:00,28.61985,77.20662,0.0,8,0.00;0.00;9.81,0.0,LANDED,-8.3;21.8;1.4|48437|67|46.5
2026-INSPACe-CAN-7USAT-020,1786199198,137,0.0,101325,35.0,8.20,12:00:00,28.61985,77.20662,0.0,8,0.00;0.00;9.81,0.0,LANDED,-19.7;-19.3;22.8|43702|62|40.2
2026-INSPACe-CAN-7USAT-020,1786199199,138,0.0,101325,35.0,8.20,12:00:00,28.61985,77.20662,0.0,8,0.00;0.00;9.81,0.0,LANDED,-21.6;19.8;-9.0|42266|49|43.6
2026-INSPACe-CAN-7USAT-020,1786199200,139,0.0,101325,35.0,8.20,12:00:00,28.61985,77.20662,0.0,8,0.00;0.00;9.81,0.0,LANDED,8.9;-17.7;-23.8|49540|42|45.2
2026-INSPACe-CAN-7USAT-020,1786199201,140,0.0,101325,35.0,8.20,12:00:00,28.61985,77.20662,0.0,8,0.00;0.00;9.81,0.0,LANDED,4.2;11.2;20.6|48435|27|42.0
2026-INSPACe-CAN-7USAT-020,1786199202,141,0.0,101325,35.0,8.20,12:00:00,28.61985,77.20662,0.0,8,0.00;0.00;9.81,0.0,LANDED,9.5;-3.3;4.3|45397|67|41.3
2026-INSPACe-CAN-7USAT-020,1786199203,142,0.0,101325,35.0,8.20,12:00:00,28.61985,77.20662,0.0,8,0.00;0.00;9.81,0.0,LANDED,-14.8;-6.4;12.7|40999|26|40.4
2026-INSPACe-CAN-7USAT-020,1786199204,143,0.0,101325,35.0,8.20,12:00:00,28.61985,77.20662,0.0,8,0.00;0.00;9.81,0.0,LANDED,-10.7;10.3;-17.1|46656|65|44.1
2026-INSPACe-CAN-7USAT-020,1786199205,144,0.0,101325,35.0,8.20,12:00:00,28.61985,77.20662,0.0,8,0.00;0.00;9.81,0.0,LANDED,15.6;-23.7;17.1|43442|60|42.2
2026-INSPACe-CAN-7USAT-020,1786199206,145,0.0,101325,35.0,8.20,12:00:00,28.61985,77.20662,0.0,8,0.00;0.00;9.81,0.0,LANDED,10.0;-17.8;11.2|42254|52|48.5
2026-INSPACe-CAN-7USAT-020,1786199207,146,0.0,101325,35.0,8.20,12:00:00,28.61985,77.20662,0.0,8,0.00;0.00;9.81,0.0,LANDED,8.5;-5.8;3.9|45138|64|49.5
2026-INSPACe-CAN-7USAT-020,1786199208,147,0.0,101325,35.0,8.20,12:00:00,28.61985,77.20662,0.0,8,0.00;0.00;9.81,0.0,LANDED,-12.0;21.8;-8.4|45315|63|44.2
2026-INSPACe-CAN-7USAT-020,1786199209,148,0.0,101325,35.0,8.20,12:00:00,28.61985,77.20662,0.0,8,0.00;0.00;9.81,0.0,LANDED,-6.0;-5.0;2.5|49459|35|49.7
2026-INSPACe-CAN-7USAT-020,1786199210,149,0.0,101325,35.0,8.20,12:00:00,28.61985,77.20662,0.0,8,0.00;0.00;9.81,0.0,LANDED,-15.1;-14.0;14.9|47472|61|40.7
2026-INSPACe-CAN-7USAT-020,1786199211,150,0.0,101325,35.0,8.20,12:00:00,28.61985,77.20662,0.0,8,0.00;0.00;9.81,0.0,LANDED,-17.6;-4.5;22.5|48523|64|43.0
2026-INSPACe-CAN-7USAT-020,1786199212,151,0.0,101325,35.0,8.20,12:00:00,28.61985,77.20662,0.0,8,0.00;0.00;9.81,0.0,LANDED,-2.0;21.6;-20.6|48992|64|42.4
2026-INSPACe-CAN-7USAT-020,1786199213,152,0.0,101325,35.0,8.20,12:00:00,28.61985,77.20662,0.0,8,0.00;0.00;9.81,0.0,LANDED,2.7;-24.3;-3.5|46515|22|40.8
2026-INSPACe-CAN-7USAT-020,1786199214,153,0.0,101325,35.0,8.20,12:00:00,28.61985,77.20662,0.0,8,0.00;0.00;9.81,0.0,LANDED,15.1;-19.7;18.5|40022|40|40.4
2026-INSPACe-CAN-7USAT-020,1786199215,154,0.0,101325,35.0,8.20,12:00:00,28.61985,77.20662,0.0,8,0.00;0.00;9.81,0.0,LANDED,5.6;20.4;13.6|43493|43|46.7
2026-INSPACe-CAN-7USAT-020,1786199216,155,0.0,101325,35.0,8.20,12:00:00,28.61985,77.20662,0.0,8,0.00;0.00;9.81,0.0,LANDED,10.5;-23.2;-7.0|42748|25|44.8
2026-INSPACe-CAN-7USAT-020,1786199217,156,0.0,101325,35.0,8.20,12:00:00,28.61985,77.20662,0.0,8,0.00;0.00;9.81,0.0,LANDED,7.8;3.3;-23.6|48100|42|46.8
2026-INSPACe-CAN-7USAT-020,1786199218,157,0.0,101325,35.0,8.20,12:00:00,28.61985,77.20662,0.0,8,0.00;0.00;9.81,0.0,LANDED,5.6;6.6;17.2|40951|64|44.1
2026-INSPACe-CAN-7USAT-020,1786199219,158,0.0,101325,35.0,8.20,12:00:00,28.61985,77.20662,0.0,8,0.00;0.00;9.81,0.0,LANDED,1.3;-23.0;-20.6|44775|51|43.9
2026-INSPACe-CAN-7USAT-020,1786199220,159,0.0,101325,35.0,8.20,12:00:00,28.61985,77.20662,0.0,8,0.00;0.00;9.81,0.0,LANDED,-18.8;-2.4;-2.7|46559|26|40.7
2026-INSPACe-CAN-7USAT-020,1786199221,160,0.0,101325,35.0,8.20,12:00:00,28.61985,77.20662,0.0,8,0.00;0.00;9.81,0.0,LANDED,4.4;2.7;7.7|45054|52|43.9
2026-INSPACe-CAN-7USAT-020,1786199222,161,0.0,101325,35.0,8.20,12:00:00,28.61985,77.20662,0.0,8,0.00;0.00;9.81,0.0,LANDED,-23.5;22.3;1.0|40716|37|43.0
2026-INSPACe-CAN-7USAT-020,1786199223,162,0.0,101325,35.0,8.20,12:00:00,28.61985,77.20662,0.0,8,0.00;0.00;9.81,0.0,LANDED,-9.6;21.7;-21.8|41207|38|42.7
2026-INSPACe-CAN-7USAT-020,1786199224,163,0.0,101325,35.0,8.20,12:00:00,28.61985,77.20662,0.0,8,0.00;0.00;9.81,0.0,LANDED,1.2;-16.7;2.9|40524|60|41.1
2026-INSPACe-CAN-7USAT-020,1786199225,164,0.0,101325,35.0,8.20,12:00:00,28.61985,77.20662,0.0,8,0.00;0.00;9.81,0.0,LANDED,-12.4;14.8;15.5|45860|52|47.6
2026-INSPACe-CAN-7USAT-020,1786199226,165,0.0,101325,35.0,8.20,12:00:00,28.61985,77.20662,0.0,8,0.00;0.00;9.81,0.0,LANDED,0.2;8.6;20.8|41088|62|41.7
2026-INSPACe-CAN-7USAT-020,1786199227,166,0.0,101325,35.0,8.20,12:00:00,28.61985,77.20662,0.0,8,0.00;0.00;9.81,0.0,LANDED,-9.5;23.8;-16.2|44885|38|46.4
2026-INSPACe-CAN-7USAT-020,1786199228,167,0.0,101325,35.0,8.20,12:00:00,28.61985,77.20662,0.0,8,0.00;0.00;9.81,0.0,LANDED,-16.5;4.5;-12.8|41962|52|46.0
2026-INSPACe-CAN-7USAT-020,1786199229,168,0.0,101325,35.0,8.20,12:00:00,28.61985,77.20662,0.0,8,0.00;0.00;9.81,0.0,LANDED,7.0;-10.2;10.8|44752|42|40.4
2026-INSPACe-CAN-7USAT-020,1786199230,169,0.0,101325,35.0,8.20,12:00:00,28.61985,77.20662,0.0,8,0.00;0.00;9.81,0.0,LANDED,-12.6;-14.0;-24.7|44207|34|49.8
2026-INSPACe-CAN-7USAT-020,1786199231,170,0.0,101325,35.0,8.20,12:00:00,28.61985,77.20662,0.0,8,0.00;0.00;9.81,0.0,LANDED,13.5;18.7;16.5|47424|47|44.0
2026-INSPACe-CAN-7USAT-020,1786199232,171,0.0,101325,35.0,8.20,12:00:00,28.61985,77.20662,0.0,8,0.00;0.00;9.81,0.0,LANDED,-2.6;-11.0;-14.4|40340|21|43.2
2026-INSPACe-CAN-7USAT-020,1786199233,172,0.0,101325,35.0,8.20,12:00:00,28.61985,77.20662,0.0,8,0.00;0.00;9.81,0.0,LANDED,-15.5;-19.4;-3.5|47924|66|40.1
2026-INSPACe-CAN-7USAT-020,1786199234,173,0.0,101325,35.0,8.20,12:00:00,28.61985,77.20662,0.0,8,0.00;0.00;9.81,0.0,LANDED,-23.9;-10.8;5.0|41899|42|42.8
2026-INSPACe-CAN-7USAT-020,1786199235,174,0.0,101325,35.0,8.20,12:00:00,28.61985,77.20662,0.0,8,0.00;0.00;9.81,0.0,LANDED,23.8;-21.9;2.0|45646|60|48.8
2026-INSPACe-CAN-7USAT-020,1786199236,175,0.0,101325,35.0,8.20,12:00:00,28.61985,77.20662,0.0,8,0.00;0.00;9.81,0.0,LANDED,-1.2;12.6;19.3|44891|30|42.5
2026-INSPACe-CAN-7USAT-020,1786199237,176,0.0,101325,35.0,8.20,12:00:00,28.61985,77.20662,0.0,8,0.00;0.00;9.81,0.0,LANDED,5.2;-6.2;0.6|42543|64|41.0
2026-INSPACe-CAN-7USAT-020,1786199238,177,0.0,101325,35.0,8.20,12:00:00,28.61985,77.20662,0.0,8,0.00;0.00;9.81,0.0,LANDED,24.2;22.5;-18.0|49727|50|47.3
2026-INSPACe-CAN-7USAT-020,1786199239,178,0.0,101325,35.0,8.20,12:00:00,28.61985,77.20662,0.0,8,0.00;0.00;9.81,0.0,LANDED,10.2;-24.7;-9.5|45676|41|46.6
2026-INSPACe-CAN-7USAT-020,1786199240,179,0.0,101325,35.0,8.20,12:00:00,28.61985,77.20662,0.0,8,0.00;0.00;9.81,0.0,LANDED,-20.5;-3.1;-18.7|48701|67|44.0
2026-INSPACe-CAN-7USAT-020,1786199241,180,0.0,101325,35.0,8.20,12:00:00,28.61985,77.20662,0.0,8,0.00;0.00;9.81,0.0,LANDED,-15.4;-11.8;-17.9|45067|24|44.5
2026-INSPACe-CAN-7USAT-020,1786199242,181,0.0,101325,35.0,8.20,12:00:00,28.61985,77.20662,0.0,8,0.00;0.00;9.81,0.0,LANDED,-4.4;21.3;-3.8|44659|62|41.0
2026-INSPACe-CAN-7USAT-020,1786199243,182,0.0,101325,35.0,8.20,12:00:00,28.61985,77.20662,0.0,8,0.00;0.00;9.81,0.0,LANDED,-24.0;-13.4;-0.4|48062|30|49.2
2026-INSPACe-CAN-7USAT-020,1786199244,183,0.0,101325,35.0,8.20,12:00:00,28.61985,77.20662,0.0,8,0.00;0.00;9.81,0.0,LANDED,-5.3;-10.1;-21.8|49387|26|49.8
2026-INSPACe-CAN-7USAT-020,1786199245,184,0.0,101325,35.0,8.20,12:00:00,28.61985,77.20662,0.0,8,0.00;0.00;9.81,0.0,LANDED,-4.7;-4.2;18.4|41994|32|46.8
2026-INSPACe-CAN-7USAT-020,1786199246,185,0.0,101325,35.0,8.20,12:00:00,28.61985,77.20662,0.0,8,0.00;0.00;9.81,0.0,LANDED,-20.7;-17.9;7.3|45951|62|47.3
2026-INSPACe-CAN-7USAT-020,1786199247,186,0.0,101325,35.0,8.20,12:00:00,28.61985,77.20662,0.0,8,0.00;0.00;9.81,0.0,LANDED,-23.4;-14.3;-20.4|49665|52|46.7
2026-INSPACe-CAN-7USAT-020,1786199248,187,0.0,101325,35.0,8.20,12:00:00,28.61985,77.20662,0.0,8,0.00;0.00;9.81,0.0,LANDED,15.3;5.0;5.4|47837|58|46.3
2026-INSPACe-CAN-7USAT-020,1786199249,188,0.0,101325,35.0,8.20,12:00:00,28.61985,77.20662,0.0,8,0.00;0.00;9.81,0.0,LANDED,12.9;-23.5;-21.6|49051|27|45.5
2026-INSPACe-CAN-7USAT-020,1786199250,189,0.0,101325,35.0,8.20,12:00:00,28.61985,77.20662,0.0,8,0.00;0.00;9.81,0.0,LANDED,-2.2;7.4;-20.8|41150|20|43.2
2026-INSPACe-CAN-7USAT-020,1786199251,190,0.0,101325,35.0,8.20,12:00:00,28.61985,77.20662,0.0,8,0.00;0.00;9.81,0.0,LANDED,-1.3;16.2;7.8|42776|37|41.1
2026-INSPACe-CAN-7USAT-020,1786199252,191,0.0,101325,35.0,8.20,12:00:00,28.61985,77.20662,0.0,8,0.00;0.00;9.81,0.0,LANDED,-13.4;23.2;-15.6|49199|52|41.9
2026-INSPACe-CAN-7USAT-020,1786199253,192,0.0,101325,35.0,8.20,12:00:00,28.61985,77.20662,0.0,8,0.00;0.00;9.81,0.0,LANDED,-14.1;-14.1;21.9|41632|51|42.8
2026-INSPACe-CAN-7USAT-020,1786199254,193,0.0,101325,35.0,8.20,12:00:00,28.61985,77.20662,0.0,8,0.00;0.00;9.81,0.0,LANDED,21.8;-10.9;-13.1|43296|41|48.4
2026-INSPACe-CAN-7USAT-020,1786199255,194,0.0,101325,35.0,8.20,12:00:00,28.61985,77.20662,0.0,8,0.00;0.00;9.81,0.0,LANDED,-11.1;-5.2;7.1|41224|62|46.1
2026-INSPACe-CAN-7USAT-020,1786199256,195,0.0,101325,35.0,8.20,12:00:00,28.61985,77.20662,0.0,8,0.00;0.00;9.81,0.0,LANDED,-21.0;16.8;-14.1|47692|25|41.8
2026-INSPACe-CAN-7USAT-020,1786199257,196,0.0,101325,35.0,8.20,12:00:00,28.61985,77.20662,0.0,8,0.00;0.00;9.81,0.0,LANDED,9.3;-8.0;-17.8|42122|39|40.4
2026-INSPACe-CAN-7USAT-020,1786199258,197,0.0,101325,35.0,8.20,12:00:00,28.61985,77.20662,0.0,8,0.00;0.00;9.81,0.0,LANDED,1.7;5.0;14.6|46890|44|49.5
2026-INSPACe-CAN-7USAT-020,1786199259,198,0.0,101325,35.0,8.20,12:00:00,28.61985,77.20662,0.0,8,0.00;0.00;9.81,0.0,LANDED,14.6;-20.8;-24.5|45691|21|48.4
2026-INSPACe-CAN-7USAT-020,1786199260,199,0.0,101325,35.0,8.20,12:00:00,28.61985,77.20662,0.0,8,0.00;0.00;9.81,0.0,LANDED,7.5;17.9;8.3|49134|46|44.7
2026-INSPACe-CAN-7USAT-020,1786199261,200,0.0,101325,35.0,8.20,12:00:00,28.61985,77.20662,0.0,8,0.00;0.00;9.81,0.0,LANDED,20.0;-12.2;-24.3|45167|32|45.0
2026-INSPACe-CAN-7USAT-020,1786199262,201,0.0,101325,35.0,8.20,12:00:00,28.61985,77.20662,0.0,8,0.00;0.00;9.81,0.0,LANDED,3.5;-16.5;23.2|41487|57|49.8
2026-INSPACe-CAN-7USAT-020,1786199263,202,0.0,101325,35.0,8.20,12:00:00,28.61985,77.20662,0.0,8,0.00;0.00;9.81,0.0,LANDED,-0.3;6.4;11.7|42074|50|48.5
2026-INSPACe-CAN-7USAT-020,1786199264,203,0.0,101325,35.0,8.20,12:00:00,28.61985,77.20662,0.0,8,0.00;0.00;9.81,0.0,LANDED,2.0;13.1;2.6|41586|47|45.7
2026-INSPACe-CAN-7USAT-020,1786199265,204,0.0,101325,35.0,8.20,12:00:00,28.61985,77.20662,0.0,8,0.00;0.00;9.81,0.0,LANDED,5.1;8.4;-3.1|45163|36|42.6
2026-INSPACe-CAN-7USAT-020,1786199266,205,0.0,101325,35.0,8.20,12:00:00,28.61985,77.20662,0.0,8,0.00;0.00;9.81,0.0,LANDED,-22.1;19.1;-3.8|49336|46|42.0
2026-INSPACe-CAN-7USAT-020,1786199267,206,0.0,101325,35.0,8.20,12:00:00,28.61985,77.20662,0.0,8,0.00;0.00;9.81,0.0,LANDED,-5.9;0.7;-9.5|42514|46|45.4
2026-INSPACe-CAN-7USAT-020,1786199268,207,0.0,101325,35.0,8.20,12:00:00,28.61985,77.20662,0.0,8,0.00;0.00;9.81,0.0,LANDED,-7.2;-3.9;-18.5|46146|50|46.0
2026-INSPACe-CAN-7USAT-020,1786199270,208,0.0,101325,35.0,8.20,12:00:00,28.61985,77.20662,0.0,8,0.00;0.00;9.81,0.0,LANDED,-5.4;-22.0;11.6|41137|24|44.1
2026-INSPACe-CAN-7USAT-020,1786199271,209,0.0,101325,35.0,8.20,12:00:00,28.61985,77.20662,0.0,8,0.00;0.00;9.81,0.0,LANDED,20.9;-18.3;5.7|47431|47|47.5
2026-INSPACe-CAN-7USAT-020,1786199272,210,0.0,101325,35.0,8.20,12:00:00,28.61985,77.20662,0.0,8,0.00;0.00;9.81,0.0,LANDED,-19.3;0.2;-22.8|42375|61|41.2
2026-INSPACe-CAN-7USAT-020,1786199273,211,0.0,101325,35.0,8.20,12:00:00,28.61985,77.20662,0.0,8,0.00;0.00;9.81,0.0,LANDED,23.3;-22.3;1.7|48776|34|43.7
2026-INSPACe-CAN-7USAT-020,1786199274,212,0.0,101325,35.0,8.20,12:00:00,28.61985,77.20662,0.0,8,0.00;0.00;9.81,0.0,LANDED,23.9;-9.8;2.7|41712|48|49.7
2026-INSPACe-CAN-7USAT-020,1786199275,213,0.0,101325,35.0,8.20,12:00:00,28.61985,77.20662,0.0,8,0.00;0.00;9.81,0.0,LANDED,-21.6;-17.4;-12.9|46585|69|48.9
2026-INSPACe-CAN-7USAT-020,1786199276,214,0.0,101325,35.0,8.20,12:00:00,28.61985,77.20662,0.0,8,0.00;0.00;9.81,0.0,LANDED,-2.4;-14.8;-10.3|41356|39|45.4
2026-INSPACe-CAN-7USAT-020,1786199277,215,0.0,101325,35.0,8.20,12:00:00,28.61985,77.20662,0.0,8,0.00;0.00;9.81,0.0,LANDED,4.7;10.8;16.1|46727|65|45.4
2026-INSPACe-CAN-7USAT-020,1786199278,216,0.0,101325,35.0,8.20,12:00:00,28.61985,77.20662,0.0,8,0.00;0.00;9.81,0.0,LANDED,-9.6;-2.2;1.2|46357|35|45.5
2026-INSPACe-CAN-7USAT-020,1786199279,217,0.0,101325,35.0,8.20,12:00:00,28.61985,77.20662,0.0,8,0.00;0.00;9.81,0.0,LANDED,-7.6;20.3;3.2|43202|45|49.2
2026-INSPACe-CAN-7USAT-020,1786199280,218,0.0,101325,35.0,8.20,12:00:00,28.61985,77.20662,0.0,8,0.00;0.00;9.81,0.0,LANDED,-1.6;-16.2;-20.8|42551|41|48.0
2026-INSPACe-CAN-7USAT-020,1786199281,219,0.0,101325,35.0,8.20,12:00:00,28.61985,77.20662,0.0,8,0.00;0.00;9.81,0.0,LANDED,15.8;16.6;13.9|43143|60|49.7
2026-INSPACe-CAN-7USAT-020,1786199282,220,0.0,101325,35.0,8.20,12:00:00,28.61985,77.20662,0.0,8,0.00;0.00;9.81,0.0,LANDED,16.8;-19.8;-11.3|42887|68|41.8
2026-INSPACe-CAN-7USAT-020,1786199283,221,0.0,101325,35.0,8.20,12:00:00,28.61985,77.20662,0.0,8,0.00;0.00;9.81,0.0,LANDED,24.4;6.0;-22.1|48355|42|42.1
2026-INSPACe-CAN-7USAT-020,1786199284,222,0.0,101325,35.0,8.20,12:00:00,28.61985,77.20662,0.0,8,0.00;0.00;9.81,0.0,LANDED,14.8;-10.2;-15.6|40660|48|41.7
2026-INSPACe-CAN-7USAT-020,1786199285,223,0.0,101325,35.0,8.20,12:00:00,28.61985,77.20662,0.0,8,0.00;0.00;9.81,0.0,LANDED,-4.1;-10.8;13.0|41761|39|48.5
2026-INSPACe-CAN-7USAT-020,1786199286,224,0.0,101325,35.0,8.20,12:00:00,28.61985,77.20662,0.0,8,0.00;0.00;9.81,0.0,LANDED,24.4;-17.8;-24.6|44932|33|45.5
2026-INSPACe-CAN-7USAT-020,1786199287,225,0.0,101325,35.0,8.20,12:00:00,28.61985,77.20662,0.0,8,0.00;0.00;9.81,0.0,LANDED,8.2;-11.4;-22.5|44219|46|40.8
2026-INSPACe-CAN-7USAT-020,1786199288,226,0.0,101325,35.0,8.20,12:00:00,28.61985,77.20662,0.0,8,0.00;0.00;9.81,0.0,LANDED,3.1;-7.0;-14.2|41978|65|46.2
2026-INSPACe-CAN-7USAT-020,1786199289,227,0.0,101325,35.0,8.20,12:00:00,28.61985,77.20662,0.0,8,0.00;0.00;9.81,0.0,LANDED,-20.9;18.5;24.5|48912|46|41.5
2026-INSPACe-CAN-7USAT-020,1786199290,228,0.0,101325,35.0,8.20,12:00:00,28.61985,77.20662,0.0,8,0.00;0.00;9.81,0.0,LANDED,-3.3;-11.3;-16.2|49187|66|49.0
2026-INSPACe-CAN-7USAT-020,1786199291,229,0.0,101325,35.0,8.20,12:00:00,28.61985,77.20662,0.0,8,0.00;0.00;9.81,0.0,LANDED,-6.5;24.5;-5.1|42737|39|41.2
2026-INSPACe-CAN-7USAT-020,1786199292,230,0.0,101325,35.0,8.20,12:00:00,28.61985,77.20662,0.0,8,0.00;0.00;9.81,0.0,LANDED,24.1;20.6;6.4|44496|33|46.8
2026-INSPACe-CAN-7USAT-020,1786199293,231,0.0,101325,35.0,8.20,12:00:00,28.61985,77.20662,0.0,8,0.00;0.00;9.81,0.0,LANDED,-10.4;4.4;-0.7|47022|38|44.3
2026-INSPACe-CAN-7USAT-020,1786199294,232,0.0,101325,35.0,8.20,12:00:00,28.61985,77.20662,0.0,8,0.00;0.00;9.81,0.0,LANDED,-23.2;20.1;9.8|44159|57|45.0
2026-INSPACe-CAN-7USAT-020,1786199295,233,0.0,101325,35.0,8.20,12:00:00,28.61985,77.20662,0.0,8,0.00;0.00;9.81,0.0,LANDED,-21.6;17.8;-12.2|42944|60|47.0
2026-INSPACe-CAN-7USAT-020,1786199296,234,0.0,101325,35.0,8.20,12:00:00,28.61985,77.20662,0.0,8,0.00;0.00;9.81,0.0,LANDED,17.4;22.0;-10.2|46409|41|48.9
2026-INSPACe-CAN-7USAT-020,1786199297,235,0.0,101325,35.0,8.20,12:00:00,28.61985,77.20662,0.0,8,0.00;0.00;9.81,0.0,LANDED,1.8;18.8;11.6|43873|68|48.8
2026-INSPACe-CAN-7USAT-020,1786199298,236,0.0,101325,35.0,8.20,12:00:00,28.61985,77.20662,0.0,8,0.00;0.00;9.81,0.0,LANDED,-7.7;3.5;-9.4|43812|28|45.6
2026-INSPACe-CAN-7USAT-020,1786199299,237,0.0,101325,35.0,8.20,12:00:00,28.61985,77.20662,0.0,8,0.00;0.00;9.81,0.0,LANDED,23.7;22.4;-23.5|42285|53|48.8
2026-INSPACe-CAN-7USAT-020,1786199300,238,0.0,101325,35.0,8.20,12:00:00,28.61985,77.20662,0.0,8,0.00;0.00;9.81,0.0,LANDED,-24.9;-10.7;-21.7|44535|58|46.7
2026-INSPACe-CAN-7USAT-020,1786199301,239,0.0,101325,35.0,8.20,12:00:00,28.61985,77.20662,0.0,8,0.00;0.00;9.81,0.0,LANDED,-12.2;12.2;1.6|44107|46|43.0
2026-INSPACe-CAN-7USAT-020,1786199302,240,0.0,101325,35.0,8.20,12:00:00,28.61985,77.20662,0.0,8,0.00;0.00;9.81,0.0,LANDED,23.2;-18.0;-9.4|44864|32|46.7
2026-INSPACe-CAN-7USAT-020,1786199303,241,0.0,101325,35.0,8.20,12:00:00,28.61985,77.20662,0.0,8,0.00;0.00;9.81,0.0,LANDED,7.6;3.8;24.0|48848|68|43.6
2026-INSPACe-CAN-7USAT-020,1786199304,242,0.0,101325,35.0,8.20,12:00:00,28.61985,77.20662,0.0,8,0.00;0.00;9.81,0.0,LANDED,22.3;-6.7;3.5|47433|60|42.0
2026-INSPACe-CAN-7USAT-020,1786199305,243,0.0,101325,35.0,8.20,12:00:00,28.61985,77.20662,0.0,8,0.00;0.00;9.81,0.0,LANDED,23.0;19.3;22.9|42352|36|44.0
2026-INSPACe-CAN-7USAT-020,1786199306,244,0.0,101325,35.0,8.20,12:00:00,28.61985,77.20662,0.0,8,0.00;0.00;9.81,0.0,LANDED,7.6;16.6;5.5|49650|52|41.1
2026-INSPACe-CAN-7USAT-020,1786199307,245,0.0,101325,35.0,8.20,12:00:00,28.61985,77.20662,0.0,8,0.00;0.00;9.81,0.0,LANDED,18.9;8.4;-9.9|49129|28|47.6
2026-INSPACe-CAN-7USAT-020,1786199308,246,0.0,101325,35.0,8.20,12:00:00,28.61985,77.20662,0.0,8,0.00;0.00;9.81,0.0,LANDED,23.4;-0.3;19.5|47650|32|46.3
2026-INSPACe-CAN-7USAT-020,1786199309,247,0.0,101325,35.0,8.20,12:00:00,28.61985,77.20662,0.0,8,0.00;0.00;9.81,0.0,LANDED,-10.1;1.7;15.2|41026|68|44.8
2026-INSPACe-CAN-7USAT-020,1786199310,248,0.0,101325,35.0,8.20,12:00:00,28.61985,77.20662,0.0,8,0.00;0.00;9.81,0.0,LANDED,-0.4;-16.1;1.9|46389|64|42.0
2026-INSPACe-CAN-7USAT-020,1786199311,249,0.0,101325,35.0,8.20,12:00:00,28.61985,77.20662,0.0,8,0.00;0.00;9.81,0.0,LANDED,15.3;24.4;-15.0|42744|48|46.0
2026-INSPACe-CAN-7USAT-020,1786199312,250,0.0,101325,35.0,8.20,12:00:00,28.61985,77.20662,0.0,8,0.00;0.00;9.81,0.0,LANDED,15.8;-17.7;15.0|49341|55|45.4
2026-INSPACe-CAN-7USAT-020,1786199313,251,0.0,101325,35.0,8.20,12:00:00,28.61985,77.20662,0.0,8,0.00;0.00;9.81,0.0,LANDED,20.6;-19.8;-23.8|46339|20|43.1
2026-INSPACe-CAN-7USAT-020,1786199314,252,0.0,101325,35.0,8.20,12:00:00,28.61985,77.20662,0.0,8,0.00;0.00;9.81,0.0,LANDED,6.4;15.7;21.3|44543|20|42.5
2026-INSPACe-CAN-7USAT-020,1786199315,253,0.0,101325,35.0,8.20,12:00:00,28.61985,77.20662,0.0,8,0.00;0.00;9.81,0.0,LANDED,-0.7;-7.0;-10.7|40461|35|40.2
2026-INSPACe-CAN-7USAT-020,1786199316,254,0.0,101325,35.0,8.20,12:00:00,28.61985,77.20662,0.0,8,0.00;0.00;9.81,0.0,LANDED,0.2;-18.0;8.8|46877|54|40.1
2026-INSPACe-CAN-7USAT-020,1786199317,255,0.0,101325,35.0,8.20,12:00:00,28.61985,77.20662,0.0,8,0.00;0.00;9.81,0.0,LANDED,11.0;-14.1;18.0|43423|59|43.2
2026-INSPACe-CAN-7USAT-020,1786199318,256,0.0,101325,35.0,8.20,12:00:00,28.61985,77.20662,0.0,8,0.00;0.00;9.81,0.0,LANDED,-20.6;20.2;-20.1|46023|62|46.1
2026-INSPACe-CAN-7USAT-020,1786199319,257,0.0,101325,35.0,8.20,12:00:00,28.61985,77.20662,0.0,8,0.00;0.00;9.81,0.0,LANDED,8.5;-2.5;-19.7|43713|63|49.6
2026-INSPACe-CAN-7USAT-020,1786199320,258,0.0,101325,35.0,8.20,12:00:00,28.61985,77.20662,0.0,8,0.00;0.00;9.81,0.0,LANDED,6.8;-9.8;-1.1|49909|47|46.7
2026-INSPACe-CAN-7USAT-020,1786199321,259,0.0,101325,35.0,8.20,12:00:00,28.61985,77.20662,0.0,8,0.00;0.00;9.81,0.0,LANDED,18.4;-1.9;1.4|45535|37|45.7
2026-INSPACe-CAN-7USAT-020,1786199322,260,0.0,101325,35.0,8.20,12:00:00,28.61985,77.20662,0.0,8,0.00;0.00;9.81,0.0,LANDED,-0.6;17.4;6.7|47301|49|44.8
2026-INSPACe-CAN-7USAT-020,1786199323,261,0.0,101325,35.0,8.20,12:00:00,28.61985,77.20662,0.0,8,0.00;0.00;9.81,0.0,LANDED,1.7;-19.8;2.9|49503|41|49.6
2026-INSPACe-CAN-7USAT-020,1786199324,262,0.0,101325,35.0,8.20,12:00:00,28.61985,77.20662,0.0,8,0.00;0.00;9.81,0.0,LANDED,-12.7;13.0;-23.9|42344|65|43.1
2026-INSPACe-CAN-7USAT-020,1786199325,263,0.0,101325,35.0,8.20,12:00:00,28.61985,77.20662,0.0,8,0.00;0.00;9.81,0.0,LANDED,-14.4;-10.6;14.7|43164|41|41.5
2026-INSPACe-CAN-7USAT-020,1786199326,264,0.0,101325,35.0,8.20,12:00:00,28.61985,77.20662,0.0,8,0.00;0.00;9.81,0.0,LANDED,0.2;1.7;10.7|40511|47|48.6
2026-INSPACe-CAN-7USAT-020,1786199327,265,0.0,101325,35.0,8.20,12:00:00,28.61985,77.20662,0.0,8,0.00;0.00;9.81,0.0,LANDED,-13.1;3.1;23.8|43125|26|45.2
2026-INSPACe-CAN-7USAT-020,1786199328,266,0.0,101325,35.0,8.20,12:00:00,28.61985,77.20662,0.0,8,0.00;0.00;9.81,0.0,LANDED,-21.4;24.3;12.0|42751|37|40.1
2026-INSPACe-CAN-7USAT-020,1786199329,267,0.0,101325,35.0,8.20,12:00:00,28.61985,77.20662,0.0,8,0.00;0.00;9.81,0.0,LANDED,-18.0;-5.6;15.9|46179|23|46.4
2026-INSPACe-CAN-7USAT-020,1786199330,268,0.0,101325,35.0,8.20,12:00:00,28.61985,77.20662,0.0,8,0.00;0.00;9.81,0.0,LANDED,18.3;0.3;24.3|44991|22|47.3
2026-INSPACe-CAN-7USAT-020,1786199331,269,0.0,101325,35.0,8.20,12:00:00,28.61985,77.20662,0.0,8,0.00;0.00;9.81,0.0,LANDED,-6.8;3.3;-11.0|44085|23|49.7
2026-INSPACe-CAN-7USAT-020,1786199332,270,0.0,101325,35.0,8.20,12:00:00,28.61985,77.20662,0.0,8,0.00;0.00;9.81,0.0,LANDED,-10.7;-4.0;-14.6|40664|65|40.1
2026-INSPACe-CAN-7USAT-020,1786199333,271,0.0,101325,35.0,8.20,12:00:00,28.61985,77.20662,0.0,8,0.00;0.00;9.81,0.0,LANDED,-1.9;-24.7;15.4|44271|55|43.9
2026-INSPACe-CAN-7USAT-020,1786199334,272,0.0,101325,35.0,8.20,12:00:00,28.61985,77.20662,0.0,8,0.00;0.00;9.81,0.0,LANDED,10.9;19.6;-0.9|42704|67|46.6
2026-INSPACe-CAN-7USAT-020,1786199335,273,0.0,101325,35.0,8.20,12:00:00,28.61985,77.20662,0.0,8,0.00;0.00;9.81,0.0,LANDED,-6.3;1.1;11.7|41207|53|42.3
2026-INSPACe-CAN-7USAT-020,1786199336,274,0.0,101325,35.0,8.20,12:00:00,28.61985,77.20662,0.0,8,0.00;0.00;9.81,0.0,LANDED,15.2;-9.5;-13.0|41130|42|48.1
2026-INSPACe-CAN-7USAT-020,1786199337,275,0.0,101325,35.0,8.20,12:00:00,28.61985,77.20662,0.0,8,0.00;0.00;9.81,0.0,LANDED,-1.7;-15.1;-4.8|41182|40|42.0
2026-INSPACe-CAN-7USAT-020,1786199338,276,0.0,101325,35.0,8.20,12:00:00,28.61985,77.20662,0.0,8,0.00;0.00;9.81,0.0,LANDED,18.7;-16.6;11.6|44072|55|47.5
2026-INSPACe-CAN-7USAT-020,1786199339,277,0.0,101325,35.0,8.20,12:00:00,28.61985,77.20662,0.0,8,0.00;0.00;9.81,0.0,LANDED,17.3;-24.1;22.0|46739|48|40.5
2026-INSPACe-CAN-7USAT-020,1786199340,278,0.0,101325,35.0,8.20,12:00:00,28.61985,77.20662,0.0,8,0.00;0.00;9.81,0.0,LANDED,-1.4;15.0;17.7|48578|63|46.4
2026-INSPACe-CAN-7USAT-020,1786199341,279,0.0,101325,35.0,8.20,12:00:00,28.61985,77.20662,0.0,8,0.00;0.00;9.81,0.0,LANDED,24.4;11.7;-6.3|48785|56|41.9
2026-INSPACe-CAN-7USAT-020,1786199342,280,0.0,101325,35.0,8.20,12:00:00,28.61985,77.20662,0.0,8,0.00;0.00;9.81,0.0,LANDED,6.2;-7.6;-20.2|41487|38|41.5
2026-INSPACe-CAN-7USAT-020,1786199343,281,0.0,101325,35.0,8.20,12:00:00,28.61985,77.20662,0.0,8,0.00;0.00;9.81,0.0,LANDED,10.5;24.7;-4.2|44957|49|45.5
2026-INSPACe-CAN-7USAT-020,1786199344,282,0.0,101325,35.0,8.20,12:00:00,28.61985,77.20662,0.0,8,0.00;0.00;9.81,0.0,LANDED,2.6;-3.3;6.3|40875|67|46.4
2026-INSPACe-CAN-7USAT-020,1786199345,283,0.0,101325,35.0,8.20,12:00:00,28.61985,77.20662,0.0,8,0.00;0.00;9.81,0.0,LANDED,10.0;5.7;6.6|42721|47|43.4
2026-INSPACe-CAN-7USAT-020,1786199346,284,0.0,101325,35.0,8.20,12:00:00,28.61985,77.20662,0.0,8,0.00;0.00;9.81,0.0,LANDED,-24.4;13.5;6.0|42124|35|49.2
2026-INSPACe-CAN-7USAT-020,1786199347,285,0.0,101325,35.0,8.20,12:00:00,28.61985,77.20662,0.0,8,0.00;0.00;9.81,0.0,LANDED,-21.8;-11.2;3.9|40555|62|42.5
2026-INSPACe-CAN-7USAT-020,1786199348,286,0.0,101325,35.0,8.20,12:00:00,28.61985,77.20662,0.0,8,0.00;0.00;9.81,0.0,LANDED,12.9;17.0;9.4|41820|21|41.7
2026-INSPACe-CAN-7USAT-020,1786199349,287,0.0,101325,35.0,8.20,12:00:00,28.61985,77.20662,0.0,8,0.00;0.00;9.81,0.0,LANDED,1.6;0.7;12.3|44111|34|45.6
2026-INSPACe-CAN-7USAT-020,1786199350,288,0.0,101325,35.0,8.20,12:00:00,28.61985,77.20662,0.0,8,0.00;0.00;9.81,0.0,LANDED,2.2;-6.1;-15.7|45836|20|42.0
2026-INSPACe-CAN-7USAT-020,1786199351,289,0.0,101325,35.0,8.20,12:00:00,28.61985,77.20662,0.0,8,0.00;0.00;9.81,0.0,LANDED,22.2;-5.8;0.4|47445|41|40.9
2026-INSPACe-CAN-7USAT-020,1786199352,290,0.0,101325,35.0,8.20,12:00:00,28.61985,77.20662,0.0,8,0.00;0.00;9.81,0.0,LANDED,11.0;-14.7;21.5|47483|67|44.7
2026-INSPACe-CAN-7USAT-020,1786199353,291,0.0,101325,35.0,8.20,12:00:00,28.61985,77.20662,0.0,8,0.00;0.00;9.81,0.0,LANDED,-19.4;-22.6;3.6|42449|22|42.4
2026-INSPACe-CAN-7USAT-020,1786199354,292,0.0,101325,35.0,8.20,12:00:00,28.61985,77.20662,0.0,8,0.00;0.00;9.81,0.0,LANDED,21.5;-24.2;-6.8|45404|53|47.7
2026-INSPACe-CAN-7USAT-020,1786199355,293,0.0,101325,35.0,8.20,12:00:00,28.61985,77.20662,0.0,8,0.00;0.00;9.81,0.0,LANDED,16.7;-20.4;-1.7|45978|64|48.2
2026-INSPACe-CAN-7USAT-020,1786199356,294,0.0,101325,35.0,8.20,12:00:00,28.61985,77.20662,0.0,8,0.00;0.00;9.81,0.0,LANDED,-21.0;22.8;6.2|46089|67|42.7
2026-INSPACe-CAN-7USAT-020,1786199357,295,0.0,101325,35.0,8.20,12:00:00,28.61985,77.20662,0.0,8,0.00;0.00;9.81,0.0,LANDED,-24.2;-18.3;18.2|46705|41|40.2
2026-INSPACe-CAN-7USAT-020,1786199358,296,0.0,101325,35.0,8.20,12:00:00,28.61985,77.20662,0.0,8,0.00;0.00;9.81,0.0,LANDED,-23.1;2.4;-23.5|41923|37|46.3
2026-INSPACe-CAN-7USAT-020,1786199359,297,0.0,101325,35.0,8.20,12:00:00,28.61985,77.20662,0.0,8,0.00;0.00;9.81,0.0,LANDED,5.2;7.6;-18.0|44888|34|43.3
2026-INSPACe-CAN-7USAT-020,1786199360,298,0.0,101325,35.0,8.20,12:00:00,28.61985,77.20662,0.0,8,0.00;0.00;9.81,0.0,LANDED,1.7;6.0;14.4|43526|27|45.4
2026-INSPACe-CAN-7USAT-020,1786199362,299,0.0,101325,35.0,8.20,12:00:00,28.61985,77.20662,0.0,8,0.00;0.00;9.81,0.0,LANDED,1.6;-1.0;14.2|40738|47|43.9
2026-INSPACe-CAN-7USAT-020,1786199363,300,0.0,101325,35.0,8.20,12:00:00,28.61985,77.20662,0.0,8,0.00;0.00;9.81,0.0,LANDED,9.5;-8.4;16.7|44995|25|41.2
2026-INSPACe-CAN-7USAT-020,1786199364,301,0.0,101325,35.0,8.20,12:00:00,28.61985,77.20662,0.0,8,0.00;0.00;9.81,0.0,LANDED,-7.0;-21.1;10.5|42132|32|40.7
2026-INSPACe-CAN-7USAT-020,1786199365,302,0.0,101325,35.0,8.20,12:00:00,28.61985,77.20662,0.0,8,0.00;0.00;9.81,0.0,LANDED,-2.3;-15.1;-10.3|40461|54|43.7
2026-INSPACe-CAN-7USAT-020,1786199366,303,0.0,101325,35.0,8.20,12:00:00,28.61985,77.20662,0.0,8,0.00;0.00;9.81,0.0,LANDED,1.4;22.8;0.2|43924|59|46.1
2026-INSPACe-CAN-7USAT-020,1786199367,304,0.0,101325,35.0,8.20,12:00:00,28.61985,77.20662,0.0,8,0.00;0.00;9.81,0.0,LANDED,-20.4;-14.3;1.0|43823|27|49.9
2026-INSPACe-CAN-7USAT-020,1786199368,305,0.0,101325,35.0,8.20,12:00:00,28.61985,77.20662,0.0,8,0.00;0.00;9.81,0.0,LANDED,1.5;11.0;6.3|48015|26|43.9
2026-INSPACe-CAN-7USAT-020,1786199369,306,0.0,101325,35.0,8.20,12:00:00,28.61985,77.20662,0.0,8,0.00;0.00;9.81,0.0,LANDED,-8.4;15.4;-4.8|42981|32|48.9
2026-INSPACe-CAN-7USAT-020,1786199370,307,0.0,101325,35.0,8.20,12:00:00,28.61985,77.20662,0.0,8,0.00;0.00;9.81,0.0,LANDED,-1.3;24.3;-8.4|46934|57|43.3
2026-INSPACe-CAN-7USAT-020,1786199371,308,0.0,101325,35.0,8.20,12:00:00,28.61985,77.20662,0.0,8,0.00;0.00;9.81,0.0,LANDED,9.1;-0.7;-14.1|45638|42|43.6
2026-INSPACe-CAN-7USAT-020,1786199372,309,0.0,101325,35.0,8.20,12:00:00,28.61985,77.20662,0.0,8,0.00;0.00;9.81,0.0,LANDED,-3.2;13.3;-2.8|45487|38|45.0
2026-INSPACe-CAN-7USAT-020,1786199373,310,0.0,101325,35.0,8.20,12:00:00,28.61985,77.20662,0.0,8,0.00;0.00;9.81,0.0,LANDED,-19.0;-7.0;-7.2|42714|51|43.2
2026-INSPACe-CAN-7USAT-020,1786199374,311,0.0,101325,35.0,8.20,12:00:00,28.61985,77.20662,0.0,8,0.00;0.00;9.81,0.0,LANDED,-9.8;-13.0;5.9|41668|26|40.1
2026-INSPACe-CAN-7USAT-020,1786199375,312,0.0,101325,35.0,8.20,12:00:00,28.61985,77.20662,0.0,8,0.00;0.00;9.81,0.0,LANDED,-4.4;-4.0;14.0|41941|42|48.1
2026-INSPACe-CAN-7USAT-020,1786199376,313,0.0,101325,35.0,8.20,12:00:00,28.61985,77.20662,0.0,8,0.00;0.00;9.81,0.0,LANDED,-17.3;-15.7;1.6|46096|66|43.7
2026-INSPACe-CAN-7USAT-020,1786199377,314,0.0,101325,35.0,8.20,12:00:00,28.61985,77.20662,0.0,8,0.00;0.00;9.81,0.0,LANDED,19.0;-3.5;18.7|42495|20|45.8
2026-INSPACe-CAN-7USAT-020,1786199378,315,0.0,101325,35.0,8.20,12:00:00,28.61985,77.20662,0.0,8,0.00;0.00;9.81,0.0,LANDED,16.2;8.0;20.7|43033|46|41.3
2026-INSPACe-CAN-7USAT-020,1786199379,316,0.0,101325,35.0,8.20,12:00:00,28.61985,77.20662,0.0,8,0.00;0.00;9.81,0.0,LANDED,9.2;4.5;-0.9|48266|25|45.0
2026-INSPACe-CAN-7USAT-020,1786199380,317,0.0,101325,35.0,8.20,12:00:00,28.61985,77.20662,0.0,8,0.00;0.00;9.81,0.0,LANDED,-8.2;-17.7;20.8|49950|61|40.6
2026-INSPACe-CAN-7USAT-020,1786199381,318,0.0,101325,35.0,8.20,12:00:00,28.61985,77.20662,0.0,8,0.00;0.00;9.81,0.0,LANDED,-22.4;14.8;-10.7|48052|22|44.7
2026-INSPACe-CAN-7USAT-020,1786199382,319,0.0,101325,35.0,8.20,12:00:00,28.61985,77.20662,0.0,8,0.00;0.00;9.81,0.0,LANDED,-2.0;24.4;-0.9|40584|46|49.9
2026-INSPACe-CAN-7USAT-020,1786199383,320,0.0,101325,35.0,8.20,12:00:00,28.61985,77.20662,0.0,8,0.00;0.00;9.81,0.0,LANDED,4.2;-15.1;21.1|45605|64|47.9
2026-INSPACe-CAN-7USAT-020,1786199384,321,0.0,101325,35.0,8.20,12:00:00,28.61985,77.20662,0.0,8,0.00;0.00;9.81,0.0,LANDED,5.4;-7.5;10.3|48268|53|42.0
2026-INSPACe-CAN-7USAT-020,1786199385,322,0.0,101325,35.0,8.20,12:00:00,28.61985,77.20662,0.0,8,0.00;0.00;9.81,0.0,LANDED,16.1;24.6;-22.3|44890|41|40.5
2026-INSPACe-CAN-7USAT-020,1786199386,323,0.0,101325,35.0,8.20,12:00:00,28.61985,77.20662,0.0,8,0.00;0.00;9.81,0.0,LANDED,24.4;19.8;-11.9|48661|61|47.3
2026-INSPACe-CAN-7USAT-020,1786199387,324,0.0,101325,35.0,8.20,12:00:00,28.61985,77.20662,0.0,8,0.00;0.00;9.81,0.0,LANDED,17.4;-11.5;-4.6|41562|34|48.8
2026-INSPACe-CAN-7USAT-020,1786199388,325,0.0,101325,35.0,8.20,12:00:00,28.61985,77.20662,0.0,8,0.00;0.00;9.81,0.0,LANDED,13.9;-15.9;-23.1|40815|52|42.9
2026-INSPACe-CAN-7USAT-020,1786199389,326,0.0,101325,35.0,8.20,12:00:00,28.61985,77.20662,0.0,8,0.00;0.00;9.81,0.0,LANDED,-23.9;-16.0;2.0|43407|52|40.6
2026-INSPACe-CAN-7USAT-020,1786199390,327,0.0,101325,35.0,8.20,12:00:00,28.61985,77.20662,0.0,8,0.00;0.00;9.81,0.0,LANDED,-20.1;23.0;18.6|46260|53|42.1
2026-INSPACe-CAN-7USAT-020,1786199391,328,0.0,101325,35.0,8.20,12:00:00,28.61985,77.20662,0.0,8,0.00;0.00;9.81,0.0,LANDED,23.8;11.9;-21.5|49179|28|44.7
2026-INSPACe-CAN-7USAT-020,1786199392,329,0.0,101325,35.0,8.20,12:00:00,28.61985,77.20662,0.0,8,0.00;0.00;9.81,0.0,LANDED,-15.1;-20.5;-3.0|46360|23|44.5
2026-INSPACe-CAN-7USAT-020,1786199393,330,0.0,101325,35.0,8.20,12:00:00,28.61985,77.20662,0.0,8,0.00;0.00;9.81,0.0,LANDED,-11.6;-0.6;-4.5|41306|39|42.5
2026-INSPACe-CAN-7USAT-020,1786199394,331,0.0,101325,35.0,8.20,12:00:00,28.61985,77.20662,0.0,8,0.00;0.00;9.81,0.0,LANDED,9.7;9.6;-9.4|49861|67|49.2
2026-INSPACe-CAN-7USAT-020,1786199395,332,0.0,101325,35.0,8.20,12:00:00,28.61985,77.20662,0.0,8,0.00;0.00;9.81,0.0,LANDED,22.7;2.7;-22.0|40090|64|49.1
2026-INSPACe-CAN-7USAT-020,1786199396,333,0.0,101325,35.0,8.20,12:00:00,28.61985,77.20662,0.0,8,0.00;0.00;9.81,0.0,LANDED,-8.2;15.2;4.3|42200|66|48.6
2026-INSPACe-CAN-7USAT-020,1786199397,334,0.0,101325,35.0,8.20,12:00:00,28.61985,77.20662,0.0,8,0.00;0.00;9.81,0.0,LANDED,-18.7;20.5;-20.7|41915|39|41.6
2026-INSPACe-CAN-7USAT-020,1786199398,335,0.0,101325,35.0,8.20,12:00:00,28.61985,77.20662,0.0,8,0.00;0.00;9.81,0.0,LANDED,-21.7;-10.5;5.3|42501|45|43.9
2026-INSPACe-CAN-7USAT-020,1786199399,336,0.0,101325,35.0,8.20,12:00:00,28.61985,77.20662,0.0,8,0.00;0.00;9.81,0.0,LANDED,-12.6;-16.0;-9.9|45937|35|45.4
2026-INSPACe-CAN-7USAT-020,1786199400,337,0.0,101325,35.0,8.20,12:00:00,28.61985,77.20662,0.0,8,0.00;0.00;9.81,0.0,LANDED,-24.8;13.8;16.3|41147|41|41.6
2026-INSPACe-CAN-7USAT-020,1786199401,338,0.0,101325,35.0,8.20,12:00:00,28.61985,77.20662,0.0,8,0.00;0.00;9.81,0.0,LANDED,2.9;-20.3;11.5|44974|53|48.0
2026-INSPACe-CAN-7USAT-020,1786199402,339,0.0,101325,35.0,8.20,12:00:00,28.61985,77.20662,0.0,8,0.00;0.00;9.81,0.0,LANDED,11.0;8.4;18.4|48774|64|42.8
2026-INSPACe-CAN-7USAT-020,1786199403,340,0.0,101325,35.0,8.20,12:00:00,28.61985,77.20662,0.0,8,0.00;0.00;9.81,0.0,LANDED,21.4;-0.2;19.6|42509|68|40.4
2026-INSPACe-CAN-7USAT-020,1786199404,341,0.0,101325,35.0,8.20,12:00:00,28.61985,77.20662,0.0,8,0.00;0.00;9.81,0.0,LANDED,-5.0;19.5;-18.5|46747|41|43.6
2026-INSPACe-CAN-7USAT-020,1786199405,342,0.0,101325,35.0,8.20,12:00:00,28.61985,77.20662,0.0,8,0.00;0.00;9.81,0.0,LANDED,-3.7;0.2;-11.5|46157|53|48.2
2026-INSPACe-CAN-7USAT-020,1786199406,343,0.0,101325,35.0,8.20,12:00:00,28.61985,77.20662,0.0,8,0.00;0.00;9.81,0.0,LANDED,13.7;4.5;-6.4|48298|50|44.0
2026-INSPACe-CAN-7USAT-020,1786199407,344,0.0,101325,35.0,8.20,12:00:00,28.61985,77.20662,0.0,8,0.00;0.00;9.81,0.0,LANDED,-23.9;23.7;-14.5|45858|44|42.2
2026-INSPACe-CAN-7USAT-020,1786199408,345,0.0,101325,35.0,8.20,12:00:00,28.61985,77.20662,0.0,8,0.00;0.00;9.81,0.0,LANDED,-19.7;-10.5;24.3|40800|64|40.9
2026-INSPACe-CAN-7USAT-020,1786199409,346,0.0,101325,35.0,8.20,12:00:00,28.61985,77.20662,0.0,8,0.00;0.00;9.81,0.0,LANDED,4.0;13.1;-6.5|40614|45|46.5
2026-INSPACe-CAN-7USAT-020,1786199410,347,0.0,101325,35.0,8.20,12:00:00,28.61985,77.20662,0.0,8,0.00;0.00;9.81,0.0,LANDED,25.0;-2.3;15.6|43777|29|42.3
2026-INSPACe-CAN-7USAT-020,1786199411,348,0.0,101325,35.0,8.20,12:00:00,28.61985,77.20662,0.0,8,0.00;0.00;9.81,0.0,LANDED,-13.6;17.3;16.2|41626|64|41.4
2026-INSPACe-CAN-7USAT-020,1786199412,349,0.0,101325,35.0,8.20,12:00:00,28.61985,77.20662,0.0,8,0.00;0.00;9.81,0.0,LANDED,-21.8;13.8;20.4|40935|35|49.0
2026-INSPACe-CAN-7USAT-020,1786199413,350,0.0,101325,35.0,8.20,12:00:00,28.61985,77.20662,0.0,8,0.00;0.00;9.81,0.0,LANDED,11.1;20.2;-21.3|46180|57|45.3
2026-INSPACe-CAN-7USAT-020,1786199414,351,0.0,101325,35.0,8.20,12:00:00,28.61985,77.20662,0.0,8,0.00;0.00;9.81,0.0,LANDED,-13.0;-5.0;20.4|40469|28|43.2
2026-INSPACe-CAN-7USAT-020,1786199415,352,0.0,101325,35.0,8.20,12:00:00,28.61985,77.20662,0.0,8,0.00;0.00;9.81,0.0,LANDED,0.2;-4.9;-12.4|48753|52|45.2
2026-INSPACe-CAN-7USAT-020,1786199416,353,0.0,101325,35.0,8.20,12:00:00,28.61985,77.20662,0.0,8,0.00;0.00;9.81,0.0,LANDED,-1.9;-24.4;24.6|49445|39|42.5
2026-INSPACe-CAN-7USAT-020,1786199417,354,0.0,101325,35.0,8.20,12:00:00,28.61985,77.20662,0.0,8,0.00;0.00;9.81,0.0,LANDED,21.2;4.3;3.4|42061|53|45.8
2026-INSPACe-CAN-7USAT-020,1786199418,355,0.0,101325,35.0,8.20,12:00:00,28.61985,77.20662,0.0,8,0.00;0.00;9.81,0.0,LANDED,20.0;18.4;10.5|46337|53|47.5
2026-INSPACe-CAN-7USAT-020,1786199419,356,0.0,101325,35.0,8.20,12:00:00,28.61985,77.20662,0.0,8,0.00;0.00;9.81,0.0,LANDED,-3.2;-17.5;24.9|40122|33|42.1
2026-INSPACe-CAN-7USAT-020,1786199420,357,0.0,101325,35.0,8.20,12:00:00,28.61985,77.20662,0.0,8,0.00;0.00;9.81,0.0,LANDED,-24.1;-8.8;16.8|41119|26|43.1
2026-INSPACe-CAN-7USAT-020,1786199421,358,0.0,101325,35.0,8.20,12:00:00,28.61985,77.20662,0.0,8,0.00;0.00;9.81,0.0,LANDED,20.9;8.1;-5.0|40169|45|49.8
2026-INSPACe-CAN-7USAT-020,1786199422,359,0.0,101325,35.0,8.20,12:00:00,28.61985,77.20662,0.0,8,0.00;0.00;9.81,0.0,LANDED,-24.9;-5.8;21.7|48200|67|41.2
2026-INSPACe-CAN-7USAT-020,1786199423,360,0.0,101325,35.0,8.20,12:00:00,28.61985,77.20662,0.0,8,0.00;0.00;9.81,0.0,LANDED,17.8;-20.2;6.2|46056|48|40.8
2026-INSPACe-CAN-7USAT-020,1786199424,361,0.0,101325,35.0,8.20,12:00:00,28.61985,77.20662,0.0,8,0.00;0.00;9.81,0.0,LANDED,-18.8;-6.3;11.1|43300|38|41.9
2026-INSPACe-CAN-7USAT-020,1786199425,362,0.0,101325,35.0,8.20,12:00:00,28.61985,77.20662,0.0,8,0.00;0.00;9.81,0.0,LANDED,3.4;23.4;20.0|45576|24|45.0
2026-INSPACe-CAN-7USAT-020,1786199426,363,0.0,101325,35.0,8.20,12:00:00,28.61985,77.20662,0.0,8,0.00;0.00;9.81,0.0,LANDED,-0.9;-6.3;7.7|40829|59|40.8
2026-INSPACe-CAN-7USAT-020,1786199427,364,0.0,101325,35.0,8.20,12:00:00,28.61985,77.20662,0.0,8,0.00;0.00;9.81,0.0,LANDED,-19.1;14.5;18.1|42749|65|41.2
2026-INSPACe-CAN-7USAT-020,1786199428,365,0.0,101325,35.0,8.20,12:00:00,28.61985,77.20662,0.0,8,0.00;0.00;9.81,0.0,LANDED,-19.7;13.7;-11.1|44593|49|42.3
2026-INSPACe-CAN-7USAT-020,1786199429,366,0.0,101325,35.0,8.20,12:00:00,28.61985,77.20662,0.0,8,0.00;0.00;9.81,0.0,LANDED,-3.7;13.9;-14.7|46995|67|47.0
2026-INSPACe-CAN-7USAT-020,1786199430,367,0.0,101325,35.0,8.20,12:00:00,28.61985,77.20662,0.0,8,0.00;0.00;9.81,0.0,LANDED,20.3;20.1;15.1|40441|50|45.7
2026-INSPACe-CAN-7USAT-020,1786199431,368,0.0,101325,35.0,8.20,12:00:00,28.61985,77.20662,0.0,8,0.00;0.00;9.81,0.0,LANDED,-11.4;-16.5;8.6|40873|49|45.1
2026-INSPACe-CAN-7USAT-020,1786199432,369,0.0,101325,35.0,8.20,12:00:00,28.61985,77.20662,0.0,8,0.00;0.00;9.81,0.0,LANDED,18.0;24.0;-8.4|46830|57|44.0
2026-INSPACe-CAN-7USAT-020,1786199433,370,0.0,101325,35.0,8.20,12:00:00,28.61985,77.20662,0.0,8,0.00;0.00;9.81,0.0,LANDED,3.1;-9.0;-8.4|49146|58|42.1
2026-INSPACe-CAN-7USAT-020,1786199434,371,0.0,101325,35.0,8.20,12:00:00,28.61985,77.20662,0.0,8,0.00;0.00;9.81,0.0,LANDED,14.5;9.1;3.4|49902|55|47.6
2026-INSPACe-CAN-7USAT-020,1786199435,372,0.0,101325,35.0,8.20,12:00:00,28.61985,77.20662,0.0,8,0.00;0.00;9.81,0.0,LANDED,-14.0;-0.3;9.8|49776|32|46.8
2026-INSPACe-CAN-7USAT-020,1786199436,373,0.0,101325,35.0,8.20,12:00:00,28.61985,77.20662,0.0,8,0.00;0.00;9.81,0.0,LANDED,-24.2;-9.5;-22.6|48536|22|42.1
2026-INSPACe-CAN-7USAT-020,1786199437,374,0.0,101325,35.0,8.20,12:00:00,28.61985,77.20662,0.0,8,0.00;0.00;9.81,0.0,LANDED,1.7;-12.5;-8.1|44100|21|43.9
2026-INSPACe-CAN-7USAT-020,1786199438,375,0.0,101325,35.0,8.20,12:00:00,28.61985,77.20662,0.0,8,0.00;0.00;9.81,0.0,LANDED,-9.0;18.1;13.2|48894|34|49.0
2026-INSPACe-CAN-7USAT-020,1786199439,376,0.0,101325,35.0,8.20,12:00:00,28.61985,77.20662,0.0,8,0.00;0.00;9.81,0.0,LANDED,-20.2;7.9;-6.7|43275|66|49.6
2026-INSPACe-CAN-7USAT-020,1786199440,377,0.0,101325,35.0,8.20,12:00:00,28.61985,77.20662,0.0,8,0.00;0.00;9.81,0.0,LANDED,10.5;0.7;-19.8|41056|25|43.6
2026-INSPACe-CAN-7USAT-020,1786199441,378,0.0,101325,35.0,8.20,12:00:00,28.61985,77.20662,0.0,8,0.00;0.00;9.81,0.0,LANDED,3.1;15.3;-9.7|43810|22|49.4
2026-INSPACe-CAN-7USAT-020,1786199442,379,0.0,101325,35.0,8.20,12:00:00,28.61985,77.20662,0.0,8,0.00;0.00;9.81,0.0,LANDED,4.4;-13.9;-6.6|45294|40|49.0
2026-INSPACe-CAN-7USAT-020,1786199443,380,0.0,101325,35.0,8.20,12:00:00,28.61985,77.20662,0.0,8,0.00;0.00;9.81,0.0,LANDED,-15.6;-15.9;14.9|47626|30|47.7
2026-INSPACe-CAN-7USAT-020,1786199444,381,0.0,101325,35.0,8.20,12:00:00,28.61985,77.20662,0.0,8,0.00;0.00;9.81,0.0,LANDED,-15.0;-13.6;-6.5|46848|48|44.3
2026-INSPACe-CAN-7USAT-020,1786199445,382,0.0,101325,35.0,8.20,12:00:00,28.61985,77.20662,0.0,8,0.00;0.00;9.81,0.0,LANDED,0.2;11.0;5.8|49592|66|48.6
2026-INSPACe-CAN-7USAT-020,1786199447,383,0.0,101325,35.0,8.20,12:00:00,28.61985,77.20662,0.0,8,0.00;0.00;9.81,0.0,LANDED,23.6;0.8;4.2|40972|33|42.0
2026-INSPACe-CAN-7USAT-020,1786199448,384,0.0,101325,35.0,8.20,12:00:00,28.61985,77.20662,0.0,8,0.00;0.00;9.81,0.0,LANDED,-2.1;0.2;5.3|40427|69|48.5
2026-INSPACe-CAN-7USAT-020,1786199449,385,0.0,101325,35.0,8.20,12:00:00,28.61985,77.20662,0.0,8,0.00;0.00;9.81,0.0,LANDED,-12.9;22.3;20.6|46982|29|46.6
2026-INSPACe-CAN-7USAT-020,1786199450,386,0.0,101325,35.0,8.20,12:00:00,28.61985,77.20662,0.0,8,0.00;0.00;9.81,0.0,LANDED,18.0;10.6;6.0|40151|58|44.2
2026-INSPACe-CAN-7USAT-020,1786199451,387,0.0,101325,35.0,8.20,12:00:00,28.61985,77.20662,0.0,8,0.00;0.00;9.81,0.0,LANDED,-1.7;-19.0;23.7|43693|67|40.8
2026-INSPACe-CAN-7USAT-020,1786199452,388,0.0,101325,35.0,8.20,12:00:00,28.61985,77.20662,0.0,8,0.00;0.00;9.81,0.0,LANDED,12.3;-1.0;-5.7|47857|42|43.8
2026-INSPACe-CAN-7USAT-020,1786199453,389,0.0,101325,35.0,8.20,12:00:00,28.61985,77.20662,0.0,8,0.00;0.00;9.81,0.0,LANDED,-0.1;10.8;-0.4|49607|28|49.6
2026-INSPACe-CAN-7USAT-020,1786199454,390,0.0,101325,35.0,8.20,12:00:00,28.61985,77.20662,0.0,8,0.00;0.00;9.81,0.0,LANDED,-0.3;23.0;-24.7|42168|51|48.1
2026-INSPACe-CAN-7USAT-020,1786199455,391,0.0,101325,35.0,8.20,12:00:00,28.61985,77.20662,0.0,8,0.00;0.00;9.81,0.0,LANDED,4.5;6.9;-8.6|46644|54|49.0
2026-INSPACe-CAN-7USAT-020,1786199456,392,0.0,101325,35.0,8.20,12:00:00,28.61985,77.20662,0.0,8,0.00;0.00;9.81,0.0,LANDED,-17.0;4.5;-4.9|48496|38|47.8
2026-INSPACe-CAN-7USAT-020,1786199457,393,0.0,101325,35.0,8.20,12:00:00,28.61985,77.20662,0.0,8,0.00;0.00;9.81,0.0,LANDED,-24.2;-4.1;19.7|44685|49|49.9
2026-INSPACe-CAN-7USAT-020,1786199458,394,0.0,101325,35.0,8.20,12:00:00,28.61985,77.20662,0.0,8,0.00;0.00;9.81,0.0,LANDED,21.1;2.9;16.2|48368|35|43.3
2026-INSPACe-CAN-7USAT-020,1786199459,395,0.0,101325,35.0,8.20,12:00:00,28.61985,77.20662,0.0,8,0.00;0.00;9.81,0.0,LANDED,2.4;-13.5;12.9|42629|28|45.7
2026-INSPACe-CAN-7USAT-020,1786199460,396,0.0,101325,35.0,8.20,12:00:00,28.61985,77.20662,0.0,8,0.00;0.00;9.81,0.0,LANDED,-6.7;-21.5;6.1|46907|42|45.6
2026-INSPACe-CAN-7USAT-020,1786199461,397,0.0,101325,35.0,8.20,12:00:00,28.61985,77.20662,0.0,8,0.00;0.00;9.81,0.0,LANDED,-10.9;7.9;-15.3|41596|34|45.9
2026-INSPACe-CAN-7USAT-020,1786199462,398,0.0,101325,35.0,8.20,12:00:00,28.61985,77.20662,0.0,8,0.00;0.00;9.81,0.0,LANDED,6.0;-7.0;7.3|46677|48|42.6
2026-INSPACe-CAN-7USAT-020,1786199463,399,0.0,101325,35.0,8.20,12:00:00,28.61985,77.20662,0.0,8,0.00;0.00;9.81,0.0,LANDED,1.7;-12.7;4.1|44825|40|46.7
2026-INSPACe-CAN-7USAT-020,1786199464,400,0.0,101325,35.0,8.20,12:00:00,28.61985,77.20662,0.0,8,0.00;0.00;9.81,0.0,LANDED,20.2;-1.7;16.3|47541|42|41.8
2026-INSPACe-CAN-7USAT-020,1786199465,401,0.0,101325,35.0,8.20,12:00:00,28.61985,77.20662,0.0,8,0.00;0.00;9.81,0.0,LANDED,-0.3;-16.8;-8.7|49491|66|46.2
2026-INSPACe-CAN-7USAT-020,1786199466,402,0.0,101325,35.0,8.20,12:00:00,28.61985,77.20662,0.0,8,0.00;0.00;9.81,0.0,LANDED,-3.1;-1.4;13.8|45821|66|47.3
2026-INSPACe-CAN-7USAT-020,1786199467,403,0.0,101325,35.0,8.20,12:00:00,28.61985,77.20662,0.0,8,0.00;0.00;9.81,0.0,LANDED,-8.1;11.5;-15.9|49870|38|46.7
2026-INSPACe-CAN-7USAT-020,1786199468,404,0.0,101325,35.0,8.20,12:00:00,28.61985,77.20662,0.0,8,0.00;0.00;9.81,0.0,LANDED,-4.3;11.5;-4.6|43935|43|43.0
2026-INSPACe-CAN-7USAT-020,1786199469,405,0.0,101325,35.0,8.20,12:00:00,28.61985,77.20662,0.0,8,0.00;0.00;9.81,0.0,LANDED,8.9;-6.1;3.0|45002|32|50.0
2026-INSPACe-CAN-7USAT-020,1786199470,406,0.0,101325,35.0,8.20,12:00:00,28.61985,77.20662,0.0,8,0.00;0.00;9.81,0.0,LANDED,-17.3;13.9;8.6|46711|28|47.4
2026-INSPACe-CAN-7USAT-020,1786199471,407,0.0,101325,35.0,8.20,12:00:00,28.61985,77.20662,0.0,8,0.00;0.00;9.81,0.0,LANDED,18.9;19.3;15.8|46058|49|48.5
2026-INSPACe-CAN-7USAT-020,1786199472,408,0.0,101325,35.0,8.20,12:00:00,28.61985,77.20662,0.0,8,0.00;0.00;9.81,0.0,LANDED,2.2;5.5;20.9|46825|62|40.7
2026-INSPACe-CAN-7USAT-020,1786199473,409,0.0,101325,35.0,8.20,12:00:00,28.61985,77.20662,0.0,8,0.00;0.00;9.81,0.0,LANDED,20.8;-10.8;0.6|42370|34|45.3
2026-INSPACe-CAN-7USAT-020,1786199474,410,0.0,101325,35.0,8.20,12:00:00,28.61985,77.20662,0.0,8,0.00;0.00;9.81,0.0,LANDED,17.7;-13.7;12.1|40993|68|46.4
2026-INSPACe-CAN-7USAT-020,1786199475,411,0.0,101325,35.0,8.20,12:00:00,28.61985,77.20662,0.0,8,0.00;0.00;9.81,0.0,LANDED,-18.6;-23.6;-3.1|41526|56|44.5
2026-INSPACe-CAN-7USAT-020,1786199476,412,0.0,101325,35.0,8.20,12:00:00,28.61985,77.20662,0.0,8,0.00;0.00;9.81,0.0,LANDED,22.1;-8.1;24.3|44665|38|46.1
2026-INSPACe-CAN-7USAT-020,1786199477,413,0.0,101325,35.0,8.20,12:00:00,28.61985,77.20662,0.0,8,0.00;0.00;9.81,0.0,LANDED,1.2;3.8;18.9|42846|42|46.8
2026-INSPACe-CAN-7USAT-020,1786199478,414,0.0,101325,35.0,8.20,12:00:00,28.61985,77.20662,0.0,8,0.00;0.00;9.81,0.0,LANDED,-15.6;-22.3;-4.3|41827|36|41.9
2026-INSPACe-CAN-7USAT-020,1786199479,415,0.0,101325,35.0,8.20,12:00:00,28.61985,77.20662,0.0,8,0.00;0.00;9.81,0.0,LANDED,-0.7;24.8;12.7|48031|36|49.3
2026-INSPACe-CAN-7USAT-020,1786199480,416,0.0,101325,35.0,8.20,12:00:00,28.61985,77.20662,0.0,8,0.00;0.00;9.81,0.0,LANDED,-7.2;-16.1;-14.1|45247|48|46.0
2026-INSPACe-CAN-7USAT-020,1786199481,417,0.0,101325,35.0,8.20,12:00:00,28.61985,77.20662,0.0,8,0.00;0.00;9.81,0.0,LANDED,-22.9;14.4;0.4|48490|27|48.0
2026-INSPACe-CAN-7USAT-020,1786199482,418,0.0,101325,35.0,8.20,12:00:00,28.61985,77.20662,0.0,8,0.00;0.00;9.81,0.0,LANDED,-8.5;-9.6;6.7|41729|40|49.0
2026-INSPACe-CAN-7USAT-020,1786199483,419,0.0,101325,35.0,8.20,12:00:00,28.61985,77.20662,0.0,8,0.00;0.00;9.81,0.0,LANDED,-6.5;-6.3;8.0|40655|32|43.7
2026-INSPACe-CAN-7USAT-020,1786199484,420,0.0,101325,35.0,8.20,12:00:00,28.61985,77.20662,0.0,8,0.00;0.00;9.81,0.0,LANDED,-14.4;10.0;-18.1|44161|27|49.6
2026-INSPACe-CAN-7USAT-020,1786199485,421,0.0,101325,35.0,8.20,12:00:00,28.61985,77.20662,0.0,8,0.00;0.00;9.81,0.0,LANDED,24.8;21.4;19.5|49888|69|40.5
2026-INSPACe-CAN-7USAT-020,1786199486,422,0.0,101325,35.0,8.20,12:00:00,28.61985,77.20662,0.0,8,0.00;0.00;9.81,0.0,LANDED,9.0;22.6;-1.1|46376|50|40.0
2026-INSPACe-CAN-7USAT-020,1786199487,423,0.0,101325,35.0,8.20,12:00:00,28.61985,77.20662,0.0,8,0.00;0.00;9.81,0.0,LANDED,8.9;-16.4;-13.0|41856|36|46.6
2026-INSPACe-CAN-7USAT-020,1786199488,424,0.0,101325,35.0,8.20,12:00:00,28.61985,77.20662,0.0,8,0.00;0.00;9.81,0.0,LANDED,-2.0;4.2;3.3|48267|42|45.1
2026-INSPACe-CAN-7USAT-020,1786199489,425,0.0,101325,35.0,8.20,12:00:00,28.61985,77.20662,0.0,8,0.00;0.00;9.81,0.0,LANDED,-7.6;19.8;6.1|45624|40|43.2
2026-INSPACe-CAN-7USAT-020,1786199490,426,0.0,101325,35.0,8.20,12:00:00,28.61985,77.20662,0.0,8,0.00;0.00;9.81,0.0,LANDED,0.2;-1.3;10.6|40249|27|43.3
2026-INSPACe-CAN-7USAT-020,1786199491,427,0.0,101325,35.0,8.20,12:00:00,28.61985,77.20662,0.0,8,0.00;0.00;9.81,0.0,LANDED,-21.3;9.9;4.0|49066|29|41.1
2026-INSPACe-CAN-7USAT-020,1786199492,428,0.0,101325,35.0,8.20,12:00:00,28.61985,77.20662,0.0,8,0.00;0.00;9.81,0.0,LANDED,17.7;23.6;-5.2|41200|38|48.3
2026-INSPACe-CAN-7USAT-020,1786199493,429,0.0,101325,35.0,8.20,12:00:00,28.61985,77.20662,0.0,8,0.00;0.00;9.81,0.0,LANDED,24.0;8.1;19.2|40937|23|41.9
2026-INSPACe-CAN-7USAT-020,1786199494,430,0.0,101325,35.0,8.20,12:00:00,28.61985,77.20662,0.0,8,0.00;0.00;9.81,0.0,LANDED,-0.3;-5.7;2.7|48976|21|40.6
2026-INSPACe-CAN-7USAT-020,1786199495,431,0.0,101325,35.0,8.20,12:00:00,28.61985,77.20662,0.0,8,0.00;0.00;9.81,0.0,LANDED,3.2;-23.2;-1.9|48749|26|44.1
2026-INSPACe-CAN-7USAT-020,1786199496,432,0.0,101325,35.0,8.20,12:00:00,28.61985,77.20662,0.0,8,0.00;0.00;9.81,0.0,LANDED,-13.9;-2.9;21.4|49579|39|49.2
2026-INSPACe-CAN-7USAT-020,1786199497,433,0.0,101325,35.0,8.20,12:00:00,28.61985,77.20662,0.0,8,0.00;0.00;9.81,0.0,LANDED,2.0;-1.5;-20.9|42671|30|43.5
2026-INSPACe-CAN-7USAT-020,1786199498,434,0.0,101325,35.0,8.20,12:00:00,28.61985,77.20662,0.0,8,0.00;0.00;9.81,0.0,LANDED,-17.6;15.8;-9.0|45807|63|40.6
2026-INSPACe-CAN-7USAT-020,1786199499,435,0.0,101325,35.0,8.20,12:00:00,28.61985,77.20662,0.0,8,0.00;0.00;9.81,0.0,LANDED,-23.5;1.9;17.0|43901|48|48.2
2026-INSPACe-CAN-7USAT-020,1786199500,436,0.0,101325,35.0,8.20,12:00:00,28.61985,77.20662,0.0,8,0.00;0.00;9.81,0.0,LANDED,10.3;-15.5;10.7|44008|45|43.7
2026-INSPACe-CAN-7USAT-020,1786199501,437,0.0,101325,35.0,8.20,12:00:00,28.61985,77.20662,0.0,8,0.00;0.00;9.81,0.0,LANDED,17.2;15.7;-10.1|41444|67|43.4
2026-INSPACe-CAN-7USAT-020,1786199502,438,0.0,101325,35.0,8.20,12:00:00,28.61985,77.20662,0.0,8,0.00;0.00;9.81,0.0,LANDED,5.9;-8.6;-20.6|43650|35|41.6
2026-INSPACe-CAN-7USAT-020,1786199503,439,0.0,101325,35.0,8.20,12:00:00,28.61985,77.20662,0.0,8,0.00;0.00;9.81,0.0,LANDED,-23.5;-8.5;-1.4|43658|28|42.8
2026-INSPACe-CAN-7USAT-020,1786199504,440,0.0,101325,35.0,8.20,12:00:00,28.61985,77.20662,0.0,8,0.00;0.00;9.81,0.0,LANDED,8.8;11.1;7.7|42356|22|49.8
2026-INSPACe-CAN-7USAT-020,1786199505,441,0.0,101325,35.0,8.20,12:00:00,28.61985,77.20662,0.0,8,0.00;0.00;9.81,0.0,LANDED,3.7;-15.7;17.2|49878|53|48.9
2026-INSPACe-CAN-7USAT-020,1786199506,442,0.0,101325,35.0,8.20,12:00:00,28.61985,77.20662,0.0,8,0.00;0.00;9.81,0.0,LANDED,8.2;-15.4;-16.7|40279|55|44.6
2026-INSPACe-CAN-7USAT-020,1786199507,443,0.0,101325,35.0,8.20,12:00:00,28.61985,77.20662,0.0,8,0.00;0.00;9.81,0.0,LANDED,10.6;2.3;-10.1|43730|35|44.5
2026-INSPACe-CAN-7USAT-020,1786199508,444,0.0,101325,35.0,8.20,12:00:00,28.61985,77.20662,0.0,8,0.00;0.00;9.81,0.0,LANDED,21.4;-1.0;9.8|41252|21|49.7
2026-INSPACe-CAN-7USAT-020,1786199509,445,0.0,101325,35.0,8.20,12:00:00,28.61985,77.20662,0.0,8,0.00;0.00;9.81,0.0,LANDED,-2.3;7.7;8.8|45532|50|48.9
2026-INSPACe-CAN-7USAT-020,1786199510,446,0.0,101325,35.0,8.20,12:00:00,28.61985,77.20662,0.0,8,0.00;0.00;9.81,0.0,LANDED,22.4;-15.3;-20.5|46875|39|48.7
2026-INSPACe-CAN-7USAT-020,1786199511,447,0.0,101325,35.0,8.20,12:00:00,28.61985,77.20662,0.0,8,0.00;0.00;9.81,0.0,LANDED,24.2;15.5;-21.7|40626|55|45.5
2026-INSPACe-CAN-7USAT-020,1786199512,448,0.0,101325,35.0,8.20,12:00:00,28.61985,77.20662,0.0,8,0.00;0.00;9.81,0.0,LANDED,19.8;-1.1;-0.8|45985|52|47.7
2026-INSPACe-CAN-7USAT-020,1786199513,449,0.0,101325,35.0,8.20,12:00:00,28.61985,77.20662,0.0,8,0.00;0.00;9.81,0.0,LANDED,-1.7;-21.1;22.1|49319|51|44.4
2026-INSPACe-CAN-7USAT-020,1786199514,450,0.0,101325,35.0,8.20,12:00:00,28.61985,77.20662,0.0,8,0.00;0.00;9.81,0.0,LANDED,-8.4;-5.2;-23.4|44561|63|46.8
2026-INSPACe-CAN-7USAT-020,1786199515,451,0.0,101325,35.0,8.20,12:00:00,28.61985,77.20662,0.0,8,0.00;0.00;9.81,0.0,LANDED,11.5;-21.1;-21.7|43146|52|46.7
2026-INSPACe-CAN-7USAT-020,1786199516,452,0.0,101325,35.0,8.20,12:00:00,28.61985,77.20662,0.0,8,0.00;0.00;9.81,0.0,LANDED,6.9;-23.2;-2.7|41645|50|48.2
2026-INSPACe-CAN-7USAT-020,1786199517,453,0.0,101325,35.0,8.20,12:00:00,28.61985,77.20662,0.0,8,0.00;0.00;9.81,0.0,LANDED,23.8;-21.0;-5.8|45333|43|40.3
2026-INSPACe-CAN-7USAT-020,1786199518,454,0.0,101325,35.0,8.20,12:00:00,28.61985,77.20662,0.0,8,0.00;0.00;9.81,0.0,LANDED,3.1;16.5;15.5|45736|41|41.8
2026-INSPACe-CAN-7USAT-020,1786199519,455,0.0,101325,35.0,8.20,12:00:00,28.61985,77.20662,0.0,8,0.00;0.00;9.81,0.0,LANDED,7.7;-13.7;17.3|48930|42|48.2
2026-INSPACe-CAN-7USAT-020,1786199520,456,0.0,101325,35.0,8.20,12:00:00,28.61985,77.20662,0.0,8,0.00;0.00;9.81,0.0,LANDED,8.5;22.2;-17.9|42029|66|44.6
2026-INSPACe-CAN-7USAT-020,1786199521,457,0.0,101325,35.0,8.20,12:00:00,28.61985,77.20662,0.0,8,0.00;0.00;9.81,0.0,LANDED,18.7;5.0;20.9|47077|52|46.2
2026-INSPACe-CAN-7USAT-020,1786199522,458,0.0,101325,35.0,8.20,12:00:00,28.61985,77.20662,0.0,8,0.00;0.00;9.81,0.0,LANDED,-4.5;21.5;16.6|47742|58|44.7
2026-INSPACe-CAN-7USAT-020,1786199523,459,0.0,101325,35.0,8.20,12:00:00,28.61985,77.20662,0.0,8,0.00;0.00;9.81,0.0,LANDED,0.4;-7.3;-20.2|42087|68|46.6
2026-INSPACe-CAN-7USAT-020,1786199524,460,0.0,101325,35.0,8.20,12:00:00,28.61985,77.20662,0.0,8,0.00;0.00;9.81,0.0,LANDED,-6.0;11.5;-13.9|48213|47|47.3
2026-INSPACe-CAN-7USAT-020,1786199525,461,0.0,101325,35.0,8.20,12:00:00,28.61985,77.20662,0.0,8,0.00;0.00;9.81,0.0,LANDED,-8.8;1.6;-23.5|49916|56|44.5
2026-INSPACe-CAN-7USAT-020,1786199526,462,0.0,101325,35.0,8.20,12:00:00,28.61985,77.20662,0.0,8,0.00;0.00;9.81,0.0,LANDED,-2.2;-7.4;-16.8|41397|67|44.7
2026-INSPACe-CAN-7USAT-020,1786199528,463,0.0,101325,35.0,8.20,12:00:00,28.61985,77.20662,0.0,8,0.00;0.00;9.81,0.0,LANDED,6.8;20.4;11.8|41272|44|42.4
2026-INSPACe-CAN-7USAT-020,1786199529,464,0.0,101325,35.0,8.20,12:00:00,28.61985,77.20662,0.0,8,0.00;0.00;9.81,0.0,LANDED,-14.5;-16.1;17.8|43929|50|44.8
2026-INSPACe-CAN-7USAT-020,1786199530,465,0.0,101325,35.0,8.20,12:00:00,28.61985,77.20662,0.0,8,0.00;0.00;9.81,0.0,LANDED,5.3;4.7;-20.9|49852|33|42.0
2026-INSPACe-CAN-7USAT-020,1786199531,466,0.0,101325,35.0,8.20,12:00:00,28.61985,77.20662,0.0,8,0.00;0.00;9.81,0.0,LANDED,-0.9;-14.2;-22.8|43642|55|43.2
2026-INSPACe-CAN-7USAT-020,1786199532,467,0.0,101325,35.0,8.20,12:00:00,28.61985,77.20662,0.0,8,0.00;0.00;9.81,0.0,LANDED,20.5;1.7;21.0|41130|43|43.2
2026-INSPACe-CAN-7USAT-020,1786199533,468,0.0,101325,35.0,8.20,12:00:00,28.61985,77.20662,0.0,8,0.00;0.00;9.81,0.0,LANDED,19.4;-5.0;-13.9|42621|60|48.5
2026-INSPACe-CAN-7USAT-020,1786199534,469,0.0,101325,35.0,8.20,12:00:00,28.61985,77.20662,0.0,8,0.00;0.00;9.81,0.0,LANDED,7.0;-16.6;4.1|46418|36|40.9
2026-INSPACe-CAN-7USAT-020,1786199535,470,0.0,101325,35.0,8.20,12:00:00,28.61985,77.20662,0.0,8,0.00;0.00;9.81,0.0,LANDED,-4.3;-7.6;17.3|47830|56|41.7
